number,value,datetime_start,datetime_complete,duration,params_adam_beta1,params_adam_beta2,params_adam_lr,params_adam_wd,params_batch_size,params_block_0_dropout,params_block_0_filters,params_block_0_kernel,params_block_0_stride,params_block_1_dropout,params_block_1_filters,params_block_1_kernel,params_block_1_stride,params_block_2_dropout,params_block_2_filters,params_block_2_kernel,params_block_2_stride,params_block_3_dropout,params_block_3_filters,params_block_3_kernel,params_block_3_stride,params_fc_hidden,params_first_conv_filters,params_first_conv_kernel_size,params_lr_factor,params_lr_patience,params_n_blocks,params_optimizer,params_sgd_lr,params_sgd_momentum,params_sgd_wd,user_attrs_best_epoch,user_attrs_validation_accuracy,user_attrs_validation_macro_f1,state
0,0.5333728840769356,2026-09-30 08:49:56.001019,2026-09-30 08:51:34.139134,0 days 00:01:38.138115,0.8926459276842719,0.9097574441892378,0.00853618986286683,0.0017123375973163992,128.0,0.08491983767203796,8,5,3,0.06506676052501416,16,3,2,0.06331731119758383,128,3,1,,,,,256,256,7,0.5105398159072941,12.0,3,Adam,,,,40.0,0.5267857142857143,0.539960053868157,COMPLETE
1,0.6801873208684008,2026-09-30 08:51:34.259901,2026-09-30 08:53:20.807275,0 days 00:01:46.547374,,,,,128.0,0.06381099809299767,16,7,3,0.08458637582367365,16,3,2,0.07950202923669918,128,3,1,0.07361716094628554,256.0,3.0,1.0,256,256,7,0.13813501017161417,9.0,4,SGD,0.038842777547031436,0.8807564567799918,2.106648601704221e-05,49.0,0.6607142857142857,0.6996603560225159,COMPLETE
2,0.6841191922293566,2026-09-30 08:53:20.932457,2026-09-30 08:54:19.064548,0 days 00:00:58.132091,0.970502281655888,0.9006945178400659,0.0007148510793512986,0.0018709365688887364,64.0,0.019710228429397403,8,7,3,0.07799960246887438,32,3,1,0.0884314531168946,128,3,2,0.05854080177240857,256.0,3.0,1.0,256,256,3,0.4064483815465394,11.0,4,Adam,,,,38.0,0.6785714285714286,0.6896669558872845,COMPLETE
3,,2026-09-30 08:54:19.195950,2026-09-30 08:54:19.249064,0 days 00:00:00.053114,,,,,,0.013319825261907952,8,7,3,0.05405074842498068,16,3,2,0.06690752475342215,32,5,2,0.08517722460303143,64.0,3.0,1.0,,256,5,,,4,,,,,,,,PRUNED
4,0.6768485580653334,2026-09-30 08:54:19.372820,2026-09-30 08:55:06.235210,0 days 00:00:46.862390,0.8642060160012445,0.9662838267338948,0.0016325185294676916,1.088399181393814e-06,128.0,0.09430569898630611,16,7,3,0.08354999801810943,32,5,1,0.04051268119438307,32,3,2,0.08983777818386056,256.0,3.0,1.0,128,128,5,0.10303695030773122,7.0,4,Adam,,,,46.0,0.6875,0.6661971161306667,COMPLETE
5,,2026-09-30 08:55:06.355417,2026-09-30 08:55:06.402846,0 days 00:00:00.047429,,,,,,0.03386821309135529,8,5,3,0.06192134961637233,32,5,2,0.09464127259176229,128,5,2,0.011391095487598068,64.0,3.0,1.0,,512,3,,,4,,,,,,,,PRUNED
6,0.5875485295128151,2026-09-30 08:55:06.522590,2026-09-30 08:59:48.254954,0 days 00:04:41.732364,0.897319321959215,0.9375207369687304,0.0039046790191830895,0.0036309591863459105,128.0,0.07264268170074757,8,5,3,0.0766691755978784,64,5,1,0.09219164973008243,64,3,1,,,,,512,512,7,0.1563891639045214,14.0,3,Adam,,,,50.0,0.5714285714285714,0.6036684875970589,COMPLETE
7,0.819305626381098,2026-09-30 08:59:48.373930,2026-09-30 09:01:35.553541,0 days 00:01:47.179611,0.8891907455724319,0.9953910415382531,0.0026865309327169084,0.00043731009905162676,64.0,0.01768127184943912,32,5,3,0.03906608256471214,64,3,2,0.07263767854843282,32,5,2,,,,,128,512,3,0.5427381500174611,13.0,3,Adam,,,,37.0,0.8214285714285714,0.8171826813336247,COMPLETE
8,0.3270701462403143,2026-09-30 09:01:35.680408,2026-09-30 09:02:05.177084,0 days 00:00:29.496676,,,,,64.0,0.05261245937025092,8,5,3,0.06632739241428127,32,3,1,0.0627198023146117,64,5,2,,,,,128,512,5,0.6767143382943485,19.0,3,SGD,0.004333615420461955,0.9730247945451923,3.502761367842316e-05,,,,PRUNED
9,0.6678383360471598,2026-09-30 09:02:05.304297,2026-09-30 09:02:59.482921,0 days 00:00:54.178624,,,,,128.0,0.06660485621018956,16,5,3,0.0991454627800606,16,5,1,0.07757839610123476,128,3,2,0.05547271352030715,256.0,3.0,1.0,512,128,7,0.6700371802304829,20.0,4,SGD,0.0520170752104338,0.7264731362679787,1.8934530915191556e-05,41.0,0.6696428571428571,0.6660338149514624,COMPLETE
10,0.7524848828420256,2026-09-30 09:02:59.605748,2026-09-30 09:04:46.688775,0 days 00:01:47.083027,0.9740823912733333,0.9925265187462552,0.00011276182231780688,1.0341591364653288e-05,64.0,0.04094807897017133,32,5,3,0.020186058701089256,64,3,2,0.02058969429153098,32,5,1,,,,,128,512,3,0.31969431875426024,5.0,3,Adam,,,,49.0,0.7321428571428571,0.7728269085411943,COMPLETE
11,0.40535896219742684,2026-09-30 09:04:46.808582,2026-09-30 09:05:08.281752,0 days 00:00:21.473170,0.9802081999542284,0.9977378168152762,0.00010183198380260875,2.1744245799734513e-05,64.0,0.03771614503357396,32,5,3,0.025248848622237034,64,3,2,0.011182628414602769,32,5,1,,,,,128,512,3,0.33998841963022897,6.0,3,Adam,,,,,,,PRUNED
12,0.7870251746136501,2026-09-30 09:05:08.416355,2026-09-30 09:06:54.593640,0 days 00:01:46.177285,0.9352541592559447,0.9970073863865141,0.00010625721497327485,6.882249550497785e-05,64.0,0.031964695772083725,32,5,3,0.017911209939171592,64,3,2,0.012469610360710495,32,5,1,,,,,128,512,3,0.288047789641548,16.0,3,Adam,,,,46.0,0.7767857142857143,0.797264634941586,COMPLETE
13,0.4102130600720826,2026-09-30 09:06:54.719510,2026-09-30 09:07:20.032031,0 days 00:00:25.312521,0.9315109299364555,0.9765509081014442,0.0004033771521316264,0.00015701929083938477,64.0,0.02479744939891444,32,5,3,0.036644136196553934,64,3,2,0.04001141479934588,32,5,1,,,,,128,512,3,0.5274897725688444,16.0,3,Adam,,,,,,,PRUNED
14,0.8804532579802122,2026-09-30 09:07:20.161816,2026-09-30 09:09:07.357671,0 days 00:01:47.195855,0.9338246110445938,0.975432441581721,0.0003681817172246779,0.00013648168332183465,64.0,0.01104588654647979,32,5,3,0.03760616920308991,64,3,2,0.04080187154888085,32,5,2,,,,,128,512,3,0.25734921013863726,16.0,3,Adam,,,,35.0,0.8660714285714286,0.8948350873889958,COMPLETE
15,0.8552858130856784,2026-09-30 09:09:07.478522,2026-09-30 09:10:54.648973,0 days 00:01:47.170451,0.9222787061818681,0.9651541604823171,0.0005517509096480229,0.00029324364728508946,64.0,0.011648097828146041,32,5,3,0.04099718722963988,64,3,2,0.04335517872885554,32,5,2,,,,,128,512,3,0.5403517495596386,16.0,3,Adam,,,,39.0,0.8303571428571429,0.8802144833142138,COMPLETE
16,0.12697361991926082,2026-09-30 09:10:54.768139,2026-09-30 09:11:05.446892,0 days 00:00:10.678753,,,,,64.0,0.010109392171065124,32,5,3,0.040739402693513775,64,3,2,0.04677195343958544,32,5,2,,,,,128,128,3,0.22685951745934418,17.0,3,SGD,0.00011877964997161456,0.7040126788907952,0.002144225215662579,,,,PRUNED
17,0.8760015812647391,2026-09-30 09:11:05.590384,2026-09-30 09:12:49.995728,0 days 00:01:44.405344,0.936655464939973,0.9599640923586635,0.0003837441625194695,0.0003621274266061123,64.0,0.02467468210892576,32,5,3,0.04826194226039947,64,3,2,0.05154602701377085,64,5,2,,,,,512,512,3,0.43121096852959995,18.0,3,Adam,,,,42.0,0.8571428571428571,0.8948603053866212,COMPLETE
18,,2026-09-30 09:12:50.115854,2026-09-30 09:12:50.161559,0 days 00:00:00.045705,,,,,,0.04952338140945974,32,7,3,0.051703720096748104,64,5,2,0.028658543762019435,64,5,2,,,,,,512,3,,,3,,,,,,,,PRUNED
19,0.8571987048065871,2026-09-30 09:12:50.281921,2026-09-30 09:13:42.846338,0 days 00:00:52.564417,0.9477298984420811,0.9446067667195267,0.00027368836160814443,0.009695042924368213,64.0,0.024032528239838476,32,5,3,0.010328651666114255,64,3,2,0.052658436315417584,64,5,2,,,,,512,128,5,0.43305125667695377,18.0,3,Adam,,,,43.0,0.8392857142857143,0.8751116953274599,COMPLETE
20,0.8738482790501423,2026-09-30 09:13:42.967943,2026-09-30 09:15:25.836427,0 days 00:01:42.868484,0.9496430145244911,0.946656925653074,0.00023515869986575507,4.280027083325325e-05,64.0,0.02838797328253603,32,5,3,0.02814567785384832,64,3,2,0.02976752471127277,64,5,2,,,,,512,512,3,0.2431810931575837,14.0,3,Adam,,,,48.0,0.875,0.8726965581002847,COMPLETE
21,0.8378779289493575,2026-09-30 09:15:25.964188,2026-09-30 09:17:09.384535,0 days 00:01:43.420347,0.9526167828799038,0.9456136632430903,0.0002523595294086004,4.275351178520466e-05,64.0,0.0305517609050135,32,5,3,0.03256089146023044,64,3,2,0.028802902812904378,64,5,2,,,,,512,512,3,0.22881993090637573,14.0,3,Adam,,,,38.0,0.8392857142857143,0.8364701436130008,COMPLETE
22,0.8484035248694859,2026-09-30 09:17:09.504847,2026-09-30 09:18:52.664624,0 days 00:01:43.159777,0.9171781572090006,0.9583090747570717,0.0008227775607541779,7.55385562163299e-06,64.0,0.04736332967114834,32,5,3,0.049151641929869073,64,3,2,0.053805277745206236,64,5,2,,,,,512,512,3,0.2064200420799182,15.0,3,Adam,,,,46.0,0.8392857142857143,0.8575213354532576,COMPLETE
23,0.8917826682911971,2026-09-30 09:18:52.788619,2026-09-30 09:20:35.991617,0 days 00:01:43.202998,0.9503413499830736,0.9321473475939919,0.00022473910171768343,0.00013459703578998212,64.0,0.023970167642359305,32,5,3,0.029091807513336957,64,3,2,0.032375609985747296,64,5,2,,,,,512,512,3,0.38982387853732636,18.0,3,Adam,,,,50.0,0.875,0.9085653365823941,COMPLETE
24,0.843658366356576,2026-09-30 09:20:36.112630,2026-09-30 09:22:23.021312,0 days 00:01:46.908682,0.959915261638381,0.9270072323447239,0.0003639274007047452,0.0005860561286823298,64.0,0.021570753072165404,32,5,3,0.04671306150941628,64,3,2,0.03336478636732615,64,5,2,,,,,512,512,3,0.40518880211969166,18.0,3,Adam,,,,46.0,0.8214285714285714,0.8658881612845807,COMPLETE
25,0.21339689722042665,2026-09-30 09:22:23.140955,2026-09-30 09:22:43.996152,0 days 00:00:20.855197,,,,,64.0,0.04156210874459564,16,5,3,0.03133773442953853,64,3,2,0.05300895977845182,64,5,2,,,,,512,512,3,0.45060669700803496,20.0,3,SGD,0.00010594134428257736,0.8319921111667751,0.0072142505027882504,,,,PRUNED
26,0.4705726282761167,2026-09-30 09:22:44.116251,2026-09-30 09:23:09.630196,0 days 00:00:25.513945,0.9148012980978765,0.9837583717801552,0.00017248092299030178,0.00012249712541034566,64.0,0.01735144513403742,32,7,3,0.05867295779534323,64,5,1,0.03627469902777183,64,5,2,,,,,512,512,3,0.3587398102557847,18.0,3,Adam,,,,,,,PRUNED
27,0.8801630989982383,2026-09-30 09:23:09.751721,2026-09-30 09:24:56.695490,0 days 00:01:46.943769,0.934123353579976,0.92784779427767,0.0009302770996380496,0.0006936321158896514,64.0,0.026166050738281207,32,5,3,0.011079121408950166,64,3,2,0.020830801033593527,64,5,2,,,,,512,512,3,0.6101720638246091,17.0,3,Adam,,,,43.0,0.8660714285714286,0.894254769425048,COMPLETE
28,0.8479423833844566,2026-09-30 09:24:56.819738,2026-09-30 09:25:56.116714,0 days 00:00:59.296976,0.9660437816335015,0.9226843180052371,0.0011654322800982817,0.001259805383701123,64.0,0.016921020686556026,32,5,3,0.011697894077727786,32,3,2,0.021827154775408048,64,5,2,,,,,256,128,5,0.6136355916512113,17.0,3,Adam,,,,45.0,0.8303571428571429,0.8655276239117703,COMPLETE
29,0.30584114271185214,2026-09-30 09:25:56.237337,2026-09-30 09:26:16.485195,0 days 00:00:20.247858,,,,,128.0,0.05519697263416846,16,5,3,0.02026129683355861,16,3,2,0.020315665263728015,64,3,2,,,,,512,256,7,0.6057762155600691,15.0,3,SGD,0.001526864498377944,0.976516857731363,1.2489433448065917e-06,,,,PRUNED
30,0.8642422799326109,2026-09-30 09:26:16.607929,2026-09-30 09:27:53.912328,0 days 00:01:37.304399,0.9063614499467643,0.9242895730975191,0.0012584652443189404,0.00011372176501469592,64.0,0.03894341357710919,32,5,3,0.01570661182722321,16,3,2,0.024623560160597285,128,5,2,,,,,512,256,7,0.27831833881252116,19.0,3,Adam,,,,37.0,0.8482142857142857,0.8802702741509362,COMPLETE
31,0.9009141978771356,2026-09-30 09:27:54.035041,2026-09-30 09:29:41.034615,0 days 00:01:46.999574,0.9398973062845949,0.9331690709059816,0.00046914373674292127,0.00023113288525429006,64.0,0.02696877683793541,32,5,3,0.025401396319645525,64,3,2,0.05850771952393002,64,5,2,,,,,512,512,3,0.47618073656889737,17.0,3,Adam,,,,44.0,0.8839285714285714,0.9178998243256996,COMPLETE
32,0.874549601866675,2026-09-30 09:29:41.155402,2026-09-30 09:31:28.139518,0 days 00:01:46.984116,0.9421456920887139,0.9331193471046572,0.0005251166062230708,0.00021592664142101414,64.0,0.03104249972827587,32,5,3,0.024096307254193677,64,3,2,0.06182086056292871,64,5,2,,,,,512,512,3,0.48227142140759693,17.0,3,Adam,,,,50.0,0.8571428571428571,0.8919563465904928,COMPLETE
33,0.607431157355077,2026-09-30 09:31:28.263900,2026-09-30 09:31:51.875075,0 days 00:00:23.611175,0.927517416653059,0.9162219365959045,0.00018899714054850222,0.0006849605610436636,64.0,0.025926601944448815,32,5,3,0.0318340422774932,64,3,2,0.017224421570138416,64,5,2,,,,,256,512,3,0.5993128154532138,15.0,3,Adam,,,,,,,PRUNED
34,0.5485611602185388,2026-09-30 09:31:51.997024,2026-09-30 09:32:04.908837,0 days 00:00:12.911813,0.989103377240573,0.9347159563643378,0.0008858013675778852,0.000860568271397285,64.0,0.02019130471275883,32,7,3,0.025134197979475352,64,3,2,0.03598442901292848,64,3,2,,,,,512,256,3,0.38459728202175214,11.0,3,Adam,,,,,,,PRUNED
35,0.6708353070435137,2026-09-30 09:32:05.032409,2026-09-30 09:33:01.928839,0 days 00:00:56.896430,0.9586643481137711,0.916815837923532,0.0005985632769888863,7.23966758092514e-05,128.0,0.014558924417914086,16,7,3,0.01707201879988838,16,3,2,0.046754421684890884,128,5,2,,,,,512,512,3,0.4765741013180239,19.0,3,Adam,,,,,,,PRUNED
36,0.5078487527086306,2026-09-30 09:33:02.056053,2026-09-30 09:33:23.875168,0 days 00:00:21.819115,0.9456307795365615,0.9509074033761326,0.00040082549887893626,0.0002254055449317191,64.0,0.034001608395987926,8,5,3,0.036555842311443175,32,3,1,0.05996210726223556,64,3,1,0.011344676611381124,128.0,3.0,1.0,256,512,3,0.5017133138184395,12.0,4,Adam,,,,,,,PRUNED
37,,2026-09-30 09:33:23.996789,2026-09-30 09:33:24.053619,0 days 00:00:00.056830,,,,,,0.08644602496424877,32,5,3,0.0142839446058938,64,5,2,0.06950032000106515,32,5,2,0.03459882989744971,128.0,3.0,1.0,,256,5,,,4,,,,,,,,PRUNED
38,0.4312587437884359,2026-09-30 09:33:24.175725,2026-09-30 09:34:23.720683,0 days 00:00:59.544958,0.9285609593791416,0.9291856145720495,0.00016140353702223065,2.6591005123097723e-05,128.0,0.04426206849232792,8,7,3,0.043208772282889274,64,3,1,0.08526387363850393,128,5,2,,,,,512,512,7,0.5717377245144588,17.0,3,Adam,,,,,,,PRUNED
39,0.5228962797240109,2026-09-30 09:34:23.841130,2026-09-30 09:34:45.309579,0 days 00:00:21.468449,0.910750827188587,0.9401054420899067,0.0017740092082903162,9.50065011907101e-05,64.0,0.03601737527908276,32,5,3,0.02819080376641108,32,3,2,0.016650269186360516,64,3,2,,,,,256,512,3,0.6491679095633329,16.0,3,Adam,,,,,,,PRUNED
40,,2026-09-30 09:34:45.431485,2026-09-30 09:34:45.479076,0 days 00:00:00.047591,,,,,,0.013964782257717384,8,5,3,0.03483934510425327,16,5,2,0.025690317945405168,32,5,1,,,,,,128,3,,,3,,,,,,,,PRUNED
41,0.8594114475058316,2026-09-30 09:34:45.598874,2026-09-30 09:36:32.519301,0 days 00:01:46.920427,0.9379074626982912,0.9740147927701375,0.0003860081978719426,0.00029702343334345904,64.0,0.022648863338293235,32,5,3,0.056872998174129656,64,3,2,0.057504296357653806,64,5,2,,,,,512,512,3,0.43446805987884196,18.0,3,Adam,,,,42.0,0.8392857142857143,0.8795371807259489,COMPLETE
42,0.8515679959979545,2026-09-30 09:36:32.640311,2026-09-30 09:38:19.571573,0 days 00:01:46.931262,0.9390074729567799,0.9081004006161901,0.0002962914682713491,0.00042909799410057413,64.0,0.027410610178734886,32,5,3,0.046370748716708314,64,3,2,0.047728291788148094,64,5,2,,,,,512,512,3,0.1838737195823016,19.0,3,Adam,,,,46.0,0.8571428571428571,0.8459931348530519,COMPLETE
43,0.4435340712956992,2026-09-30 09:38:19.718342,2026-09-30 09:38:41.261046,0 days 00:00:21.542704,0.9552093908144702,0.9546155333474866,0.009628132852793875,0.002370337770197449,64.0,0.021043904731909018,32,5,3,0.06918436159236072,64,3,2,0.040748973450022014,64,5,2,,,,,512,512,3,0.3702742670459212,17.0,3,Adam,,,,,,,PRUNED
44,0.8696783969998255,2026-09-30 09:38:41.389294,2026-09-30 09:40:27.487240,0 days 00:01:46.097946,0.9224872322389991,0.9854127624359429,0.0004870708906720052,0.0014441440193753835,64.0,0.016760709439289943,32,5,3,0.022081419913353082,64,3,2,0.03349060244676037,64,5,2,,,,,512,512,3,0.10751027119033638,20.0,3,Adam,,,,50.0,0.8482142857142857,0.8911425082853653,COMPLETE
45,0.38357599445015067,2026-09-30 09:40:27.615020,2026-09-30 09:40:57.615653,0 days 00:00:30.000633,,,,,128.0,0.02806904921313585,16,5,3,0.028051348127296063,64,3,1,0.06598207965759986,64,5,2,,,,,512,512,5,0.6988485469345379,18.0,3,SGD,0.0015074752760663947,0.8031225167955225,0.00034998445702290147,,,,PRUNED
46,0.5461113696039829,2026-09-30 09:40:57.739016,2026-09-30 09:41:38.682857,0 days 00:00:40.943841,0.9352850055919886,0.9623402819819581,0.000690378943109969,0.00019496084666793454,64.0,0.09751945085919542,32,5,3,0.04523655069766685,64,3,2,0.050250084520464866,32,5,2,,,,,128,512,7,0.30972449541966723,15.0,3,Adam,,,,,,,PRUNED
47,0.5241522528799467,2026-09-30 09:41:38.812648,2026-09-30 09:42:00.451723,0 days 00:00:21.639075,0.965512071100342,0.9035075638553159,0.0009211195549836159,0.00037844072567704516,64.0,0.03387185366782264,32,5,3,0.09272460707598593,32,3,2,0.07390798588473524,128,3,1,,,,,512,512,3,0.4001358851138093,8.0,3,Adam,,,,,,,PRUNED
48,,2026-09-30 09:42:00.591380,2026-09-30 09:42:00.649485,0 days 00:00:00.058105,,,,,,0.011333873797282436,32,5,3,0.05378504383143241,64,5,2,0.04300438719150448,32,5,2,,,,,,512,3,,,3,,,,,,,,PRUNED
49,0.509388297914935,2026-09-30 09:42:00.776702,2026-09-30 09:42:13.148572,0 days 00:00:12.371870,0.9020948353661724,0.97023453222286,0.000311808877428247,0.0009076011337298505,64.0,0.019481253180559367,8,7,3,0.03911898835485103,64,3,1,0.056774098280001094,64,5,2,,,,,128,256,3,0.4611382267687048,16.0,3,Adam,,,,,,,PRUNED
50,,2026-09-30 09:42:13.276076,2026-09-30 09:42:13.340226,0 days 00:00:00.064150,,,,,,0.02591814419401546,32,5,3,0.018984992466703057,64,3,2,0.03942675616842947,64,5,2,0.04627308659711597,128.0,3.0,1.0,,128,3,,,4,,,,,,,,PRUNED
51,0.8738044169986094,2026-09-30 09:42:13.467394,2026-09-30 09:43:59.089207,0 days 00:01:45.621813,0.9407552969123153,0.9339660401344474,0.0005302750034925182,0.00024070416787921832,64.0,0.02887110828531967,32,5,3,0.024093995839142807,64,3,2,0.06305796367315586,64,5,2,,,,,512,512,3,0.480958643215757,17.0,3,Adam,,,,49.0,0.8571428571428571,0.8904659768543617,COMPLETE
52,0.5568857583945326,2026-09-30 09:43:59.224030,2026-09-30 09:44:19.916366,0 days 00:00:20.692336,0.9431144012308864,0.9312630701743196,0.005498527249381155,0.00013143309364063374,64.0,0.033291666148480184,32,5,3,0.029093539855322106,64,3,2,0.061366438344794216,64,5,2,,,,,512,512,3,0.5712265392705628,17.0,3,Adam,,,,,,,PRUNED
53,0.8650006841817186,2026-09-30 09:44:20.038598,2026-09-30 09:46:03.152394,0 days 00:01:43.113796,0.9271597910309228,0.9400932756172155,0.00045658137636171427,0.0004842576229697469,64.0,0.0302106938449769,32,5,3,0.013543883977615512,64,3,2,0.056533582069341046,64,5,2,,,,,512,512,3,0.5038990889905018,19.0,3,Adam,,,,33.0,0.8482142857142857,0.8817870826491516,COMPLETE
54,0.6651285511015584,2026-09-30 09:46:03.273780,2026-09-30 09:46:32.212772,0 days 00:00:28.938992,0.8779384209199397,0.9195841045422745,0.0002119577039646561,5.7168284012662705e-05,64.0,0.0376401352607273,32,5,3,0.022680457178783676,64,3,2,0.0669591314705443,64,5,2,,,,,128,512,3,0.42699334761388896,16.0,3,Adam,,,,,,,PRUNED
55,0.500686617670324,2026-09-30 09:46:32.334482,2026-09-30 09:47:07.417635,0 days 00:00:35.083153,,,,,64.0,0.023674861586356975,32,5,3,0.03474651230095267,64,3,2,0.044782032278578715,32,5,2,,,,,512,512,3,0.32705304972318316,18.0,3,SGD,0.007413041605280124,0.9040581213798832,0.0002983196161480028,,,,PRUNED
56,0.5064827330334059,2026-09-30 09:47:07.539434,2026-09-30 09:47:28.335234,0 days 00:00:20.795800,0.9442323344380469,0.9128065685082429,0.0006621795768054413,0.00018670803575597343,64.0,0.010072611388018548,32,5,3,0.0418931124418217,64,3,2,0.04957297469645892,64,5,1,,,,,512,512,3,0.5305873766158575,13.0,3,Adam,,,,,,,PRUNED
57,0.5906981727340516,2026-09-30 09:47:28.457038,2026-09-30 09:47:56.022893,0 days 00:00:27.565855,0.9220648803680119,0.9349159556178227,0.0003547371519524849,0.002781621030909968,64.0,0.014754504551552647,32,5,3,0.04962633052770497,64,3,2,0.08120585452190662,64,5,2,,,,,128,512,5,0.5656321115804898,17.0,3,Adam,,,,,,,PRUNED
58,,2026-09-30 09:47:56.144674,2026-09-30 09:47:56.197650,0 days 00:00:00.052976,,,,,,0.042157352860020966,16,5,3,0.03807945469690334,64,5,2,0.03144652457979787,32,5,2,,,,,,512,3,,,3,,,,,,,,PRUNED
59,0.606975000402052,2026-09-30 09:47:56.318194,2026-09-30 09:48:25.482714,0 days 00:00:29.164520,0.8532971256627577,0.9260242003402764,0.0017857398847434018,0.0003035957082180479,128.0,0.05694226203018838,32,5,3,0.030598943648211394,16,3,2,0.026494328222468447,64,5,2,,,,,512,512,3,0.3486121650178155,19.0,3,Adam,,,,,,,PRUNED
60,0.521843016867764,2026-09-30 09:48:25.614184,2026-09-30 09:48:39.111388,0 days 00:00:13.497204,0.9316427055161818,0.9395123191753582,0.0001430056397465893,7.972736893754392e-05,64.0,0.03103519370636673,32,5,3,0.02718209716460693,64,3,2,0.03722560966306737,64,3,2,,,,,128,128,7,0.4932487536986396,15.0,3,Adam,,,,,,,PRUNED
61,0.5550171231830308,2026-09-30 09:48:39.231651,2026-09-30 09:49:00.726724,0 days 00:00:21.495073,0.9475845489628982,0.9468310699666782,0.0002030147672998778,3.5159571044177405e-05,64.0,0.024608742400060994,32,5,3,0.033038939603403886,64,3,2,0.030688003990709405,64,5,2,,,,,512,512,3,0.26474643588509655,14.0,3,Adam,,,,,,,PRUNED
62,0.9027953286577789,2026-09-30 09:49:00.849283,2026-09-30 09:50:47.864479,0 days 00:01:47.015196,0.9526158138568293,0.9499796637397983,0.0002451944175891164,4.621256244136003e-06,64.0,0.019678135339133238,32,5,3,0.020331566115594717,64,3,2,0.016003938429900083,64,5,2,,,,,512,512,3,0.2530825070265529,13.0,3,Adam,,,,38.0,0.8928571428571429,0.9127335144584149,COMPLETE
63,0.8640157074588106,2026-09-30 09:50:47.987312,2026-09-30 09:52:34.968528,0 days 00:01:46.981216,0.9524176590660853,0.9536603942401323,0.0002736355549124799,1.308576716165841e-06,64.0,0.019041350111219088,32,5,3,0.01003376892715012,64,3,2,0.013800805781232316,64,5,2,,,,,512,512,3,0.1594183847284135,9.0,3,Adam,,,,42.0,0.8571428571428571,0.8708885577747643,COMPLETE
64,0.5425507354401916,2026-09-30 09:52:35.088894,2026-09-30 09:52:56.536000,0 days 00:00:21.447106,0.9343750126316465,0.9590490006008983,0.000130857755794095,8.138716303823565e-06,64.0,0.015420636202257362,32,5,3,0.021090549874339073,64,3,2,0.022401934492790716,64,5,2,,,,,512,512,3,0.3057203478188597,13.0,3,Adam,,,,,,,PRUNED
65,0.8994673613329054,2026-09-30 09:52:56.663213,2026-09-30 09:55:02.511669,0 days 00:02:05.848456,0.9591192105125714,0.9828196100824926,0.00046225173602048523,1.9433915701442637e-06,64.0,0.02192985392277056,32,7,3,0.017222099395911447,64,3,2,0.014332527786532268,128,5,2,,,,,512,512,3,0.45707233488013915,18.0,3,Adam,,,,50.0,0.8839285714285714,0.9150061512372395,COMPLETE
66,0.9024406064038959,2026-09-30 09:55:02.634556,2026-09-30 09:57:08.349680,0 days 00:02:05.715124,0.9701076204420704,0.980746350830437,0.0003122175874362821,2.0686397647090473e-06,64.0,0.021315792643943045,32,7,3,0.016488327248217832,32,3,2,0.01708569789548324,128,5,2,,,,,512,512,3,0.25224020070535014,18.0,3,Adam,,,,29.0,0.8839285714285714,0.9209526413792205,COMPLETE
67,0.4112848627140823,2026-09-30 09:57:08.474075,2026-09-30 09:57:33.670541,0 days 00:00:25.196466,,,,,64.0,0.02103806115964133,32,7,3,0.01740466752586948,32,3,2,0.017358722439713398,128,5,2,,,,,512,512,3,0.2440413223992446,20.0,3,SGD,0.0004461294494999288,0.7737705083164448,3.2735551249767236e-06,,,,PRUNED
68,0.5240735138198103,2026-09-30 09:57:33.798221,2026-09-30 09:57:59.116711,0 days 00:00:25.318490,0.97278106569724,0.9825208745798832,0.0003085483779125669,2.4721478410678404e-06,64.0,0.07165145903510087,32,7,3,0.013218368409389648,32,3,2,0.011757675723136693,128,5,1,,,,,256,512,3,0.21078903457173767,18.0,3,Adam,,,,,,,PRUNED
69,0.4483851874082967,2026-09-30 09:57:59.238369,2026-09-30 09:58:13.895381,0 days 00:00:14.657012,0.9657882862128611,0.9898247140320828,0.0002325865097755822,4.228713989182407e-06,64.0,0.019297173460584523,8,7,3,0.01596374306399651,32,3,1,0.015376610331473719,128,5,2,,,,,512,256,5,0.2687724467221285,11.0,3,Adam,,,,,,,PRUNED
70,,2026-09-30 09:58:14.016295,2026-09-30 09:58:14.068773,0 days 00:00:00.052478,,,,,,0.01205963443642481,16,7,3,0.019417487454620228,32,5,2,0.01938658960503884,128,5,2,,,,,,512,3,,,3,,,,,,,,PRUNED
71,0.8843585066799352,2026-09-30 09:58:14.190355,2026-09-30 10:00:19.833084,0 days 00:02:05.642729,0.9586247019841516,0.9799341821051817,0.0004583372686332382,2.1690501073112563e-06,64.0,0.02366382373040287,32,7,3,0.025184104992347068,32,3,2,0.010846850202670498,128,5,2,,,,,512,512,3,0.25301327830585557,18.0,3,Adam,,,,42.0,0.8839285714285714,0.884788441931299,COMPLETE
72,0.6393084144537633,2026-09-30 10:00:19.953297,2026-09-30 10:00:50.177022,0 days 00:00:30.223725,0.9801591929951359,0.97825433628781,0.000438709069041911,2.2013081188830505e-06,64.0,0.026301047277312237,32,7,3,0.024600569749058013,32,3,2,0.011620148813768771,128,5,2,,,,,512,512,3,0.2905704848675663,16.0,3,Adam,,,,,,,PRUNED
73,0.8647220590155373,2026-09-30 10:00:50.306601,2026-09-30 10:02:55.975353,0 days 00:02:05.668752,0.9575994887093202,0.9904137833222152,0.00035050576442470656,1.3496941798770255e-06,64.0,0.02270469952960306,32,7,3,0.01277193746038405,32,3,2,0.010398129073279338,128,5,2,,,,,512,512,3,0.20045506217070083,18.0,3,Adam,,,,39.0,0.8660714285714286,0.8633726894596461,COMPLETE
74,0.9169978056461225,2026-09-30 10:02:56.096742,2026-09-30 10:05:03.788428,0 days 00:02:07.691686,0.9630480503377422,0.9792157992126533,0.0002502088952161092,3.461295475420305e-06,64.0,0.016568131413501164,32,7,3,0.026678979928760633,32,3,2,0.023672407455527764,128,5,2,,,,,512,512,3,0.2511579257825404,19.0,3,Adam,,,,49.0,0.9017857142857143,0.9322098970065309,COMPLETE
75,0.6161146152298996,2026-09-30 10:05:03.912997,2026-09-30 10:05:30.098890,0 days 00:00:26.185893,0.9622164466138868,0.9788067182708823,0.000281386596262674,4.661290868250625e-06,64.0,0.017714574697580664,32,7,3,0.026798904109955037,32,3,2,0.014355644958098497,128,5,2,,,,,128,512,3,0.25004026381782024,20.0,3,Adam,,,,,,,PRUNED
76,0.7389553811929332,2026-09-30 10:05:30.239494,2026-09-30 10:06:14.641965,0 days 00:00:44.402471,0.9761766761391567,0.9713312600384029,0.000256390721634402,2.397992943778846e-06,64.0,0.013002928507720283,32,7,3,0.02230714799298407,32,3,2,0.02260537626753387,128,5,2,,,,,512,512,3,0.23241367532023985,19.0,3,Adam,,,,,,,PRUNED
77,0.5889028726790051,2026-09-30 10:06:14.781809,2026-09-30 10:06:40.829676,0 days 00:00:26.047867,0.9675618740084996,0.9816507853937426,0.0003416756448388471,1.6031168728489893e-05,64.0,0.016622410127531476,32,7,3,0.02591073607225077,32,3,2,0.019265364004098923,128,3,2,,,,,512,512,3,0.18314944490466462,19.0,3,Adam,,,,,,,PRUNED
78,0.5680382152861144,2026-09-30 10:06:40.960886,2026-09-30 10:06:52.966567,0 days 00:00:12.005681,0.9525735361959953,0.9867419833811315,0.00022979533131799434,3.636972934209246e-06,128.0,0.021824836424004908,32,7,3,0.029653444669480573,32,3,2,0.027150285586158424,128,5,2,,,,,512,128,7,0.2897602026663563,18.0,3,Adam,,,,,,,PRUNED
79,0.5288706391647567,2026-09-30 10:06:53.099371,2026-09-30 10:07:19.802206,0 days 00:00:26.702835,,,,,64.0,0.013483831819008798,32,7,3,0.03311766818095695,32,3,1,0.023254794953576678,128,5,2,,,,,512,512,3,0.25252896990815293,19.0,3,SGD,0.011375359916849275,0.9082136961404749,0.00027327232046831976,,,,PRUNED
80,0.5819443013561683,2026-09-30 10:07:19.949575,2026-09-30 10:07:45.963117,0 days 00:00:26.013542,0.9610638888227343,0.9961618326538177,0.0005889325129609788,1.1253649143329386e-06,64.0,0.018660135493741615,32,7,3,0.01595454603007219,32,3,2,0.0161983165768549,128,5,1,,,,,256,512,3,0.21285692934495634,16.0,3,Adam,,,,,,,PRUNED
81,0.6428544500708493,2026-09-30 10:07:46.093850,2026-09-30 10:08:20.016251,0 days 00:00:33.922401,0.9499500656520344,0.9675289986279944,0.0023273890236028658,5.5253285703137736e-06,64.0,0.024022107688589915,32,7,3,0.019164990418365647,16,3,2,0.01946382149415477,128,5,2,,,,,512,512,3,0.6299429230815254,17.0,3,Adam,,,,,,,PRUNED
82,0.6445038913001098,2026-09-30 10:08:20.163358,2026-09-30 10:08:46.495790,0 days 00:00:26.332432,0.9700009685501914,0.9761696080249844,0.0001792570176584171,1.6687428528948927e-06,64.0,0.027538811812714063,32,7,3,0.020799897430038336,32,3,2,0.02464316072883057,128,5,2,,,,,512,512,3,0.33116826753696027,18.0,3,Adam,,,,,,,PRUNED
83,0.9159571475147767,2026-09-30 10:08:46.629964,2026-09-30 10:10:53.207055,0 days 00:02:06.577091,0.956821752738441,0.9717919523912785,0.00044384960810905217,3.154501844909301e-06,64.0,0.021777996521401617,32,7,3,0.015089221126329416,32,3,2,0.0135889869910728,128,5,2,,,,,512,512,3,0.26593040191879747,12.0,3,Adam,,,,45.0,0.9017857142857143,0.9301285807438393,COMPLETE
84,0.6433467651674121,2026-09-30 10:10:53.342299,2026-09-30 10:11:17.417258,0 days 00:00:24.074959,0.9561136094386479,0.9735691655626688,0.0004176229898287865,1.8977107629598716e-06,64.0,0.015907605150421996,32,7,3,0.017478597960906846,32,3,2,0.01007038061964647,128,5,2,,,,,512,512,3,0.2747447497560102,12.0,3,Adam,,,,,,,PRUNED
85,0.8462328612763788,2026-09-30 10:11:17.538845,2026-09-30 10:13:20.941132,0 days 00:02:03.402287,0.9776873626044842,0.9878503454982803,0.0007613135772499384,2.6072592897908247e-06,64.0,0.02116287665750928,32,7,3,0.01498377301105613,32,3,2,0.014463489109629414,128,5,2,,,,,512,512,3,0.22224661065427784,12.0,3,Adam,,,,44.0,0.8303571428571429,0.8621085796956145,COMPLETE
86,0.5627405665613212,2026-09-30 10:13:21.068499,2026-09-30 10:13:32.627029,0 days 00:00:11.558530,0.9856707586117566,0.9794677489092537,0.0004328069183492517,3.0691692352220117e-06,64.0,0.029104560996215025,8,7,3,0.022873658305879247,32,3,2,0.018514732641557882,128,5,2,,,,,512,256,3,0.3057306445104685,14.0,3,Adam,,,,,,,PRUNED
87,,2026-09-30 10:13:32.750468,2026-09-30 10:13:32.802351,0 days 00:00:00.051883,,,,,,0.022840956752800668,32,7,3,0.035661885503179405,32,5,2,0.013486873768906931,128,5,2,,,,,,512,3,,,3,,,,,,,,PRUNED
88,0.46806216931216926,2026-09-30 10:13:32.924266,2026-09-30 10:14:04.332059,0 days 00:00:31.407793,0.9623903081370244,0.9934286955133808,0.0004939483512452807,6.261105133390918e-06,64.0,0.032673045242345114,32,7,3,0.025665716750325644,32,3,2,0.03312921182290104,32,5,2,,,,,128,512,5,0.2585128305848452,11.0,3,Adam,,,,,,,PRUNED
89,0.4920703327961392,2026-09-30 10:14:04.458319,2026-09-30 10:14:28.306373,0 days 00:00:23.848054,0.9488313898013397,0.9660165358874319,0.0003243172756097528,3.3490667585216505e-06,64.0,0.018041321725654768,16,7,3,0.029448387384162097,32,3,2,0.02778486140848807,128,3,2,,,,,512,512,3,0.18803594097509257,13.0,3,Adam,,,,,,,PRUNED
90,0.6224621419449006,2026-09-30 10:14:28.428042,2026-09-30 10:14:57.835329,0 days 00:00:29.407287,0.9703778290442022,0.9991212932976196,0.0006002741021651592,1.5149269631457185e-05,128.0,0.02456863890537706,32,7,3,0.0202977484782139,16,3,2,0.09226525916866435,128,5,2,,,,,512,512,3,0.16748597053744718,10.0,3,Adam,,,,,,,PRUNED
91,0.5467251994037707,2026-09-30 10:14:57.957455,2026-09-30 10:15:22.031587,0 days 00:00:24.074132,0.9536219611151173,0.9753004457177212,0.00025569838493326403,1.6897176969491143e-06,64.0,0.035467052798342086,32,7,3,0.011216220441567006,64,3,2,0.022050657219913925,32,5,2,,,,,512,512,3,0.13862772609929025,17.0,3,Adam,,,,,,,PRUNED
92,0.6330775630754061,2026-09-30 10:15:22.154449,2026-09-30 10:15:46.257541,0 days 00:00:24.103092,0.9602914657193169,0.9815576357856842,0.0012127749768207439,3.1930999810153633e-06,64.0,0.02694431767922203,32,7,3,0.012267822895480812,64,3,2,0.01774940702604104,128,5,2,,,,,512,512,3,0.23431935575275825,18.0,3,Adam,,,,,,,PRUNED
93,0.9033610880249536,2026-09-30 10:15:46.382630,2026-09-30 10:17:48.640781,0 days 00:02:02.258151,0.9396691187030587,0.921946018718544,0.0009445203038619478,9.81149686385859e-06,64.0,0.020417169275231246,32,7,3,0.014733957190934496,64,3,2,0.0158998353600703,128,5,2,,,,,512,512,3,0.2804714127724214,19.0,3,Adam,,,,34.0,0.8928571428571429,0.9138650331927644,COMPLETE
94,0.856789638932496,2026-09-30 10:17:48.772322,2026-09-30 10:19:49.159267,0 days 00:02:00.386945,0.9417864374387638,0.971558741412667,0.0003855033558116802,1.0084242298121905e-06,64.0,0.020237309524741613,32,7,3,0.018530215208905205,64,3,2,0.012168617449216625,128,5,2,,,,,512,512,3,0.28817316573894575,20.0,3,Adam,,,,49.0,0.8571428571428571,0.856436420722135,COMPLETE
95,0.8696017647607033,2026-09-30 10:19:49.280953,2026-09-30 10:21:53.748893,0 days 00:02:04.467940,0.9574208783191832,0.9208175098109339,0.00015405578336637952,9.943442128403908e-06,64.0,0.011651942835417452,32,7,3,0.023663023245326553,64,3,2,0.015108481486649832,128,5,2,,,,,512,512,3,0.3873108645337399,19.0,3,Adam,,,,45.0,0.8660714285714286,0.873132100949978,COMPLETE
96,0.8913064123778409,2026-09-30 10:21:53.870661,2026-09-30 10:25:38.560239,0 days 00:03:44.689578,0.9458082032895322,0.9839984020044318,0.0002018193902880864,6.347097574796538e-06,64.0,0.014861658376013775,32,7,3,0.015462512761006958,64,3,2,0.021011664312631025,128,5,2,,,,,512,512,7,0.4568510441298131,18.0,3,Adam,,,,29.0,0.875,0.9076128247556818,COMPLETE
97,0.5818338656201634,2026-09-30 10:25:38.683077,2026-09-30 10:26:23.423651,0 days 00:00:44.740574,0.9470268450948736,0.983607433057886,0.0001943603934431257,5.341621763204105e-06,64.0,0.015267489338911932,32,7,3,0.014409167250059316,64,3,1,0.020609519061108958,128,5,2,,,,,512,512,7,0.4620585870352195,5.0,3,Adam,,,,,,,PRUNED
98,0.8721330637518164,2026-09-30 10:26:23.545686,2026-09-30 10:27:29.573148,0 days 00:01:06.027462,0.9514705979296498,0.9426081806454527,0.00021446844461887256,7.114242228342435e-06,64.0,0.029837173670474136,32,7,3,0.016668892587383313,64,3,2,0.01295156977769185,128,5,2,,,,,512,128,7,0.5188913775115045,19.0,3,Adam,,,,34.0,0.8571428571428571,0.8871232703607758,COMPLETE
99,0.35516638604842976,2026-09-30 10:27:29.696371,2026-09-30 10:28:14.217615,0 days 00:00:44.521244,,,,,64.0,0.02244536634375907,32,7,3,0.02187980953067995,32,3,2,0.016645850595481113,128,5,1,,,,,512,512,7,0.3670714090362154,20.0,3,SGD,0.00043803479816049263,0.8518290162249539,0.008952297930436838,,,,PRUNED
