number,value,datetime_start,datetime_complete,duration,params_adam_beta1,params_adam_beta2,params_adam_lr,params_adam_wd,params_batch_size,params_block_0_dropout,params_block_0_filters,params_block_0_kernel,params_block_0_stride,params_block_1_dropout,params_block_1_filters,params_block_1_kernel,params_block_1_stride,params_block_2_dropout,params_block_2_filters,params_block_2_kernel,params_block_2_stride,params_block_3_dropout,params_block_3_filters,params_block_3_kernel,params_block_3_stride,params_block_4_dropout,params_block_4_filters,params_block_4_kernel,params_block_4_stride,params_fc_hidden,params_lr_factor,params_lr_patience,params_n_blocks,params_optimizer,params_sgd_lr,params_sgd_momentum,params_sgd_wd,user_attrs_best_epoch,user_attrs_validation_accuracy,user_attrs_validation_macro_f1,system_attrs_tpe:relative_params:0,state
0,0.2822707854772294,2026-10-02 14:35:18.181534,2026-10-02 14:35:59.656624,0 days 00:00:41.475090,,,,,128.0,0.012323344486727979,8,7,3,0.017336180394137354,16,5,2,0.02465447373174767,64,3,1,0.016820964947491662,128.0,3.0,1.0,,,,,512,0.19763058787582308,12.0,4,SGD,0.00019634341572933326,0.8984275776885255,5.762487216478604e-05,50.0,0.29261363636363635,0.2719279345908224,,COMPLETE
1,0.2992586778363485,2026-10-02 14:35:59.711063,2026-10-02 14:36:46.430659,0 days 00:00:46.719596,,,,,128.0,0.041005312934444586,32,5,3,0.02554709158757928,16,7,1,0.012982025747190833,64,3,1,0.04085081386743783,64.0,3.0,1.0,,,,,256,0.36014665762139764,16.0,4,SGD,0.0009833181933644897,0.7184319215829468,1.753594952976443e-05,49.0,0.3090277777777778,0.2894895778949193,,COMPLETE
2,0.3810819023227262,2026-10-02 14:36:46.494326,2026-10-02 14:37:25.598070,0 days 00:00:39.103744,0.9754527819892891,0.9317685471496893,0.0011986281799901185,0.0016973078532467015,200.0,0.030909313175279764,16,7,3,0.019971689165955,16,5,1,0.04232481518257668,64,3,1,,,,,,,,,256,0.18804153962214143,8.0,3,Adam,,,,46.0,0.38478535353535354,0.3773784511100989,,COMPLETE
3,0.6416444941885541,2026-10-02 14:37:25.675652,2026-10-02 14:38:25.331657,0 days 00:00:59.656005,0.9519502888056603,0.9367415349586534,0.003336101309469784,8.923807143379781e-06,200.0,0.04771638815650077,8,5,3,0.022035132392670787,64,5,1,0.019582475626678898,128,5,1,,,,,,,,,512,0.6058446644748636,15.0,3,Adam,,,,50.0,0.6448863636363636,0.6384026247407445,,COMPLETE
4,0.40358549706587327,2026-10-02 14:38:25.398127,2026-10-02 14:39:16.114632,0 days 00:00:50.716505,,,,,64.0,0.03048372233197124,32,7,3,0.014538940849623563,32,3,1,0.01967409163601807,32,3,2,,,,,,,,,512,0.8096691394120938,17.0,3,SGD,0.0011159088550343414,0.9105271468723695,0.0038765111709116325,50.0,0.41224747474747475,0.3949235193842718,,COMPLETE
5,,2026-10-02 14:39:16.167039,2026-10-02 14:39:16.183828,0 days 00:00:00.016789,,,,,,0.016432322056699946,8,7,3,0.035985315961888587,32,5,1,0.048920422190097824,32,3,2,0.01780971951192178,128.0,5.0,2.0,0.03581889183628671,128.0,3.0,1.0,,,,5,,,,,,,,,PRUNED
6,,2026-10-02 14:39:16.316728,2026-10-02 14:39:16.335103,0 days 00:00:00.018375,,,,,,0.04713274250350902,16,7,3,0.0167797098674437,32,7,2,0.015603360609460961,64,5,1,,,,,,,,,,,,3,,,,,,,,,PRUNED
7,,2026-10-02 14:39:16.516515,2026-10-02 14:39:16.547846,0 days 00:00:00.031331,,,,,,0.021743673770579737,8,7,3,0.038078675090308135,64,7,2,0.02862392072529841,64,5,2,0.015082420506075393,256.0,3.0,2.0,,,,,,,,4,,,,,,,,,PRUNED
8,,2026-10-02 14:39:16.728145,2026-10-02 14:39:16.756735,0 days 00:00:00.028590,,,,,,0.03125418526272592,8,7,3,0.027558856828225446,64,7,2,0.016257481706843442,128,5,2,0.032174162100456025,256.0,5.0,2.0,,,,,,,,4,,,,,,,,,PRUNED
9,,2026-10-02 14:39:16.934044,2026-10-02 14:39:16.966214,0 days 00:00:00.032170,,,,,,0.01464290562027665,8,7,3,0.016928074796400606,64,7,2,0.030125450343203505,128,5,1,0.04760920965699831,64.0,3.0,1.0,,,,,,,,4,,,,,,,,,PRUNED
10,0.6840641450104025,2026-10-02 14:39:17.076281,2026-10-02 14:40:15.455665,0 days 00:00:58.379384,0.9079517194939879,0.9627768386841636,0.009444811794638241,1.5681694641610638e-06,200.0,0.04036207752276006,32,5,3,0.013699189578280573,64,3,1,0.013446685364581459,128,5,1,,,,,,,,,128,0.8155565840291188,20.0,3,Adam,,,,50.0,0.6963383838383839,0.6717899061824211,"{""block_0_dropout"": 0.04036207752276006, ""block_0_filters"": 32, ""block_0_kernel"": 5, ""block_1_dropout"": 0.013699189578280573, ""block_1_filters"": 64, ""block_1_kernel"": 3, ""block_1_stride"": 1, ""block_2_dropout"": 0.013446685364581459, ""block_2_filters"": 128, ""block_2_kernel"": 5, ""block_2_stride"": 1, ""n_blocks"": 3}",COMPLETE
11,0.5528869208758368,2026-10-02 14:40:15.512352,2026-10-02 14:41:00.245977,0 days 00:00:44.733625,0.9250098755312106,0.9537484795905934,0.00960994055704251,1.5530519390924744e-06,200.0,0.031203171371680355,32,5,3,0.012287072940566609,64,3,1,0.014801873104301276,32,5,1,,,,,,,,,128,0.7775968987109323,20.0,3,Adam,,,,48.0,0.5508207070707071,0.5549531346809665,"{""block_0_dropout"": 0.031203171371680355, ""block_0_filters"": 32, ""block_0_kernel"": 5, ""block_1_dropout"": 0.012287072940566609, ""block_1_filters"": 64, ""block_1_kernel"": 3, ""block_1_stride"": 1, ""block_2_dropout"": 0.014801873104301276, ""block_2_filters"": 32, ""block_2_kernel"": 5, ""block_2_stride"": 1, ""n_blocks"": 3}",COMPLETE
12,0.2312717180424514,2026-10-02 14:41:00.298495,2026-10-02 14:41:10.680475,0 days 00:00:10.381980,0.8803589415775793,0.988665254922613,0.007683307692264288,2.385153804750212e-06,200.0,0.04422035953099479,8,5,3,0.01742968798925993,64,7,1,0.01739631759436531,128,3,1,,,,,,,,,128,0.6154498750504773,20.0,3,Adam,,,,,,,"{""block_0_dropout"": 0.04422035953099479, ""block_0_filters"": 8, ""block_0_kernel"": 5, ""block_1_dropout"": 0.01742968798925993, ""block_1_filters"": 64, ""block_1_kernel"": 7, ""block_1_stride"": 1, ""block_2_dropout"": 0.01739631759436531, ""block_2_filters"": 128, ""block_2_kernel"": 3, ""block_2_stride"": 1, ""n_blocks"": 3}",PRUNED
13,,2026-10-02 14:41:10.731865,2026-10-02 14:41:10.746333,0 days 00:00:00.014468,,,,,,0.039479442432784506,8,5,3,0.030904042098632716,64,5,2,0.02812134517058052,128,5,1,,,,,,,,,,,,3,,,,,,,,"{""block_0_dropout"": 0.039479442432784506, ""block_0_filters"": 8, ""block_0_kernel"": 5, ""block_1_dropout"": 0.030904042098632716, ""block_1_filters"": 64, ""block_1_kernel"": 5, ""block_1_stride"": 2, ""block_2_dropout"": 0.02812134517058052, ""block_2_filters"": 128, ""block_2_kernel"": 5, ""block_2_stride"": 1, ""n_blocks"": 3}",PRUNED
14,0.591655695323897,2026-10-02 14:41:10.798735,2026-10-02 14:42:05.047824,0 days 00:00:54.249089,0.9360364420157866,0.9545495628657985,0.002474959199039115,1.4026979990955342e-05,200.0,0.04481565671596139,8,7,3,0.011238023104286801,64,3,1,0.030196082120544577,128,5,1,,,,,,,,,512,0.5533579516648615,14.0,3,Adam,,,,44.0,0.5940656565656566,0.5892457340821373,"{""block_0_dropout"": 0.04481565671596139, ""block_0_filters"": 8, ""block_0_kernel"": 7, ""block_1_dropout"": 0.011238023104286801, ""block_1_filters"": 64, ""block_1_kernel"": 3, ""block_1_stride"": 1, ""block_2_dropout"": 0.030196082120544577, ""block_2_filters"": 128, ""block_2_kernel"": 5, ""block_2_stride"": 1, ""n_blocks"": 3}",COMPLETE
15,0.8156222754998548,2026-10-02 14:42:05.100489,2026-10-02 14:43:07.335934,0 days 00:01:02.235445,0.9061352732713149,0.904315764869144,0.0032890677899770813,3.2949000789371815e-05,200.0,0.0242034051928445,8,5,3,0.014919563937216569,64,3,1,0.017978754584460188,128,5,1,0.028616837093783966,64.0,5.0,2.0,,,,,128,0.8871741312503645,10.0,4,Adam,,,,47.0,0.8295454545454546,0.8016990964542549,"{""block_0_dropout"": 0.0242034051928445, ""block_0_filters"": 8, ""block_0_kernel"": 5, ""block_1_dropout"": 0.014919563937216569, ""block_1_filters"": 64, ""block_1_kernel"": 3, ""block_1_stride"": 1, ""block_2_dropout"": 0.017978754584460188, ""block_2_filters"": 128, ""block_2_kernel"": 5, ""block_2_stride"": 1, ""n_blocks"": 4}",COMPLETE
16,0.8399171251410446,2026-10-02 14:43:07.393155,2026-10-02 14:44:15.025730,0 days 00:01:07.632575,0.8918486539285322,0.9048019511660206,0.0002511179985392224,0.00015110289014993428,64.0,0.021697065264187746,32,5,3,0.015827784686246696,64,3,1,0.017695202698649576,128,5,1,0.029958875338639824,64.0,5.0,2.0,,,,,128,0.8823041129236102,5.0,4,Adam,,,,50.0,0.8598484848484849,0.8199857654336042,"{""block_0_dropout"": 0.021697065264187746, ""block_0_filters"": 32, ""block_0_kernel"": 5, ""block_1_dropout"": 0.015827784686246696, ""block_1_filters"": 64, ""block_1_kernel"": 3, ""block_1_stride"": 1, ""block_2_dropout"": 0.017695202698649576, ""block_2_filters"": 128, ""block_2_kernel"": 5, ""block_2_stride"": 1, ""n_blocks"": 4}",COMPLETE
17,0.8624935161015075,2026-10-02 14:44:15.095827,2026-10-02 14:45:28.757635,0 days 00:01:13.661808,0.8520151488410588,0.9033007908566301,0.0001628373852899579,0.00010765528145353019,64.0,0.028457128326938017,32,5,3,0.01923623062171214,64,3,1,0.013156207123801196,128,5,1,0.030701030722136858,64.0,5.0,2.0,0.01167976045187091,256.0,3.0,1.0,128,0.890727448460168,5.0,5,Adam,,,,49.0,0.8803661616161617,0.8446208705868534,"{""block_0_dropout"": 0.028457128326938017, ""block_0_filters"": 32, ""block_0_kernel"": 5, ""block_1_dropout"": 0.01923623062171214, ""block_1_filters"": 64, ""block_1_kernel"": 3, ""block_1_stride"": 1, ""block_2_dropout"": 0.013156207123801196, ""block_2_filters"": 128, ""block_2_kernel"": 5, ""block_2_stride"": 1, ""n_blocks"": 5}",COMPLETE
18,0.7610279878465014,2026-10-02 14:45:28.825345,2026-10-02 14:46:35.184494,0 days 00:01:06.359149,0.8554176226062357,0.9013501149825812,0.00013756995256972466,0.0002082825807342894,64.0,0.022691938877415305,32,5,3,0.02113849246323411,32,3,1,0.025423747260335618,128,5,1,0.027507374537610835,64.0,5.0,2.0,,,,,128,0.7215835619495994,5.0,4,Adam,,,,49.0,0.7689393939393939,0.753116581753609,"{""block_0_dropout"": 0.022691938877415305, ""block_0_filters"": 32, ""block_0_kernel"": 5, ""block_1_dropout"": 0.02113849246323411, ""block_1_filters"": 32, ""block_1_kernel"": 3, ""block_1_stride"": 1, ""block_2_dropout"": 0.025423747260335618, ""block_2_filters"": 128, ""block_2_kernel"": 5, ""block_2_stride"": 1, ""n_blocks"": 4}",COMPLETE
19,0.8665163560129168,2026-10-02 14:46:35.240190,2026-10-02 14:47:36.864122,0 days 00:01:01.623932,0.8504391790170258,0.920368399516568,0.00016287186614643523,0.00020619925071110878,64.0,0.023470778673075007,32,5,3,0.013708804807598717,64,3,2,0.028130641937709977,128,5,1,0.034696659797652164,64.0,5.0,2.0,,,,,128,0.8684704887285327,5.0,4,Adam,,,,45.0,0.8888888888888888,0.8441438231369446,"{""block_0_dropout"": 0.023470778673075007, ""block_0_filters"": 32, ""block_0_kernel"": 5, ""block_1_dropout"": 0.013708804807598717, ""block_1_filters"": 64, ""block_1_kernel"": 3, ""block_1_stride"": 2, ""block_2_dropout"": 0.028130641937709977, ""block_2_filters"": 128, ""block_2_kernel"": 5, ""block_2_stride"": 1, ""n_blocks"": 4}",COMPLETE
20,0.8609180550569517,2026-10-02 14:47:36.918576,2026-10-02 14:48:50.948438,0 days 00:01:14.029862,,,,,64.0,0.03348235104972528,32,5,3,0.017296137760722776,64,3,1,0.0299631993973375,128,5,1,0.03767684916921925,64.0,5.0,2.0,0.011534909309561827,256.0,3.0,1.0,128,0.6826003789104034,7.0,5,SGD,0.09418993635138886,0.7059761919118797,1.101773524738362e-06,47.0,0.8718434343434344,0.849992675770469,"{""block_0_dropout"": 0.03348235104972528, ""block_0_filters"": 32, ""block_0_kernel"": 5, ""block_1_dropout"": 0.017296137760722776, ""block_1_filters"": 64, ""block_1_kernel"": 3, ""block_1_stride"": 1, ""block_2_dropout"": 0.0299631993973375, ""block_2_filters"": 128, ""block_2_kernel"": 5, ""block_2_stride"": 1, ""n_blocks"": 5}",COMPLETE
21,0.4283939194028821,2026-10-02 14:48:51.000971,2026-10-02 14:49:19.115181,0 days 00:00:28.114210,,,,,64.0,0.0293990807185385,32,5,3,0.031116269311819544,64,3,1,0.032976115713873204,128,5,1,0.03861620802425084,64.0,5.0,2.0,0.010266286203215121,256.0,3.0,1.0,128,0.6927354631169759,7.0,5,SGD,0.0964330790123687,0.7046966497947824,1.0515605902381835e-06,,,,"{""block_0_dropout"": 0.0293990807185385, ""block_0_filters"": 32, ""block_0_kernel"": 5, ""block_1_dropout"": 0.031116269311819544, ""block_1_filters"": 64, ""block_1_kernel"": 3, ""block_1_stride"": 1, ""block_2_dropout"": 0.032976115713873204, ""block_2_filters"": 128, ""block_2_kernel"": 5, ""block_2_stride"": 1, ""n_blocks"": 5}",PRUNED
22,0.27405873989481966,2026-10-02 14:49:19.168801,2026-10-02 14:49:33.227011,0 days 00:00:14.058210,,,,,64.0,0.04086875660365878,32,5,3,0.012799995714014887,64,3,1,0.01612916290813193,128,5,1,0.037703703710711765,64.0,5.0,2.0,0.012939803584040413,256.0,3.0,1.0,128,0.4509606623631852,7.0,5,SGD,0.029605790119289536,0.8093926126500152,0.006781619843784668,,,,"{""block_0_dropout"": 0.04086875660365878, ""block_0_filters"": 32, ""block_0_kernel"": 5, ""block_1_dropout"": 0.012799995714014887, ""block_1_filters"": 64, ""block_1_kernel"": 3, ""block_1_stride"": 1, ""block_2_dropout"": 0.01612916290813193, ""block_2_filters"": 128, ""block_2_kernel"": 5, ""block_2_stride"": 1, ""n_blocks"": 5}",PRUNED
23,0.2484124125343759,2026-10-02 14:49:33.279943,2026-10-02 14:49:47.001041,0 days 00:00:13.721098,,,,,64.0,0.025519382600441957,32,5,3,0.012586759800067408,64,3,1,0.010247379286903755,128,3,1,0.02386821081085221,64.0,5.0,2.0,0.016993001335286185,512.0,3.0,1.0,128,0.8932811225605851,9.0,5,SGD,0.007182304146168199,0.9878785633286664,0.0002741901450999999,,,,"{""block_0_dropout"": 0.025519382600441957, ""block_0_filters"": 32, ""block_0_kernel"": 5, ""block_1_dropout"": 0.012586759800067408, ""block_1_filters"": 64, ""block_1_kernel"": 3, ""block_1_stride"": 1, ""block_2_dropout"": 0.010247379286903755, ""block_2_filters"": 128, ""block_2_kernel"": 3, ""block_2_stride"": 1, ""n_blocks"": 5}",PRUNED
24,0.837756397544006,2026-10-02 14:49:47.054823,2026-10-02 14:50:57.551918,0 days 00:01:10.497095,,,,,64.0,0.042918549995721506,8,5,3,0.017648465800741784,64,3,1,0.03566260481587056,128,5,1,0.03524747040213406,64.0,5.0,2.0,0.02436928764240131,256.0,3.0,1.0,128,0.7073221961745272,5.0,5,SGD,0.006965193333382369,0.7950998832260381,1.203874437823015e-06,49.0,0.8547979797979798,0.8207148152900322,"{""block_0_dropout"": 0.042918549995721506, ""block_0_filters"": 8, ""block_0_kernel"": 5, ""block_1_dropout"": 0.017648465800741784, ""block_1_filters"": 64, ""block_1_kernel"": 3, ""block_1_stride"": 1, ""block_2_dropout"": 0.03566260481587056, ""block_2_filters"": 128, ""block_2_kernel"": 5, ""block_2_stride"": 1, ""n_blocks"": 5}",COMPLETE
25,,2026-10-02 14:50:57.604073,2026-10-02 14:50:57.621936,0 days 00:00:00.017863,,,,,,0.020393529308214222,32,5,3,0.02748721827634059,64,3,2,0.012074427122364695,128,5,1,0.04430491992981139,64.0,5.0,2.0,0.022847227440318214,256.0,3.0,1.0,,,,5,,,,,,,,"{""block_0_dropout"": 0.020393529308214222, ""block_0_filters"": 32, ""block_0_kernel"": 5, ""block_1_dropout"": 0.02748721827634059, ""block_1_filters"": 64, ""block_1_kernel"": 3, ""block_1_stride"": 2, ""block_2_dropout"": 0.012074427122364695, ""block_2_filters"": 128, ""block_2_kernel"": 5, ""block_2_stride"": 1, ""n_blocks"": 5}",PRUNED
26,0.877370875279557,2026-10-02 14:50:57.672344,2026-10-02 14:52:18.462191,0 days 00:01:20.789847,0.851286577211636,0.9255459381602288,0.00035804067309581255,0.001114127141870737,64.0,0.0264488877513962,32,5,3,0.018700148596677502,64,3,1,0.016227916492630556,128,5,1,0.023450549725119875,128.0,5.0,2.0,0.0104367743097173,256.0,3.0,1.0,256,0.7810789101103562,7.0,5,Adam,,,,50.0,0.8977272727272727,0.8570144778318415,"{""block_0_dropout"": 0.0264488877513962, ""block_0_filters"": 32, ""block_0_kernel"": 5, ""block_1_dropout"": 0.018700148596677502, ""block_1_filters"": 64, ""block_1_kernel"": 3, ""block_1_stride"": 1, ""block_2_dropout"": 0.016227916492630556, ""block_2_filters"": 128, ""block_2_kernel"": 5, ""block_2_stride"": 1, ""n_blocks"": 5}",COMPLETE
27,0.795514653087586,2026-10-02 14:52:18.514543,2026-10-02 14:54:41.322154,0 days 00:02:22.807611,0.851243705248787,0.9234123247426573,0.00034623953928291637,0.0013375473478879597,64.0,0.030401699004393195,32,5,3,0.01844777678788192,64,3,1,0.017299128657916524,64,3,1,0.022826440324419064,128.0,5.0,1.0,0.022070227557300863,512.0,3.0,1.0,256,0.7887640641292779,11.0,5,Adam,,,,50.0,0.8077651515151515,0.7832641546600204,"{""block_0_dropout"": 0.030401699004393195, ""block_0_filters"": 32, ""block_0_kernel"": 5, ""block_1_dropout"": 0.01844777678788192, ""block_1_filters"": 64, ""block_1_kernel"": 3, ""block_1_stride"": 1, ""block_2_dropout"": 0.017299128657916524, ""block_2_filters"": 64, ""block_2_kernel"": 3, ""block_2_stride"": 1, ""n_blocks"": 5}",COMPLETE
28,0.6250723153404183,2026-10-02 14:54:41.390855,2026-10-02 14:55:21.136990,0 days 00:00:39.746135,0.870241449080488,0.9196821415676074,0.00010676756931076619,0.00024773935836372636,64.0,0.023616245374032986,32,5,3,0.025137364098000027,64,3,1,0.010737502356388082,128,3,1,0.02109944639167778,128.0,5.0,2.0,,,,,256,0.842512983726505,6.0,4,Adam,,,,,,,"{""block_0_dropout"": 0.023616245374032986, ""block_0_filters"": 32, ""block_0_kernel"": 5, ""block_1_dropout"": 0.025137364098000027, ""block_1_filters"": 64, ""block_1_kernel"": 3, ""block_1_stride"": 1, ""block_2_dropout"": 0.010737502356388082, ""block_2_filters"": 128, ""block_2_kernel"": 3, ""block_2_stride"": 1, ""n_blocks"": 4}",PRUNED
29,0.8475036496116872,2026-10-02 14:55:21.193281,2026-10-02 14:56:29.418862,0 days 00:01:08.225581,0.8627935294631511,0.9166257377930793,0.0003990704646087172,0.007749040167942608,128.0,0.038877846728144705,32,5,3,0.022168786206360445,64,3,1,0.015982236939530332,128,5,1,0.033600375786251205,128.0,5.0,2.0,0.048932405989059444,128.0,3.0,1.0,256,0.7691084483559463,9.0,5,Adam,,,,49.0,0.8721590909090909,0.8228482083142836,"{""block_0_dropout"": 0.038877846728144705, ""block_0_filters"": 32, ""block_0_kernel"": 5, ""block_1_dropout"": 0.022168786206360445, ""block_1_filters"": 64, ""block_1_kernel"": 3, ""block_1_stride"": 1, ""block_2_dropout"": 0.015982236939530332, ""block_2_filters"": 128, ""block_2_kernel"": 5, ""block_2_stride"": 1, ""n_blocks"": 5}",COMPLETE
30,,2026-10-02 14:56:29.475698,2026-10-02 14:56:29.492682,0 days 00:00:00.016984,,,,,,0.025239308485438906,32,5,3,0.014079715593505501,64,3,2,0.021544102255926678,128,5,1,0.010701087290058194,256.0,5.0,2.0,0.018272535230741203,256.0,3.0,1.0,,,,5,,,,,,,,"{""block_0_dropout"": 0.025239308485438906, ""block_0_filters"": 32, ""block_0_kernel"": 5, ""block_1_dropout"": 0.014079715593505501, ""block_1_filters"": 64, ""block_1_kernel"": 3, ""block_1_stride"": 2, ""block_2_dropout"": 0.021544102255926678, ""block_2_filters"": 128, ""block_2_kernel"": 5, ""block_2_stride"": 1, ""n_blocks"": 5}",PRUNED
31,0.4450785089165831,2026-10-02 14:56:29.543491,2026-10-02 14:56:50.380000,0 days 00:00:20.836509,0.8505971908035571,0.9373595554187275,0.00019875875961951464,0.0006029308911410864,64.0,0.017925993035684686,32,5,3,0.01717551621622983,64,3,2,0.0260318906896158,128,5,1,,,,,,,,,128,0.6887366591162494,7.0,3,Adam,,,,,,,"{""block_0_dropout"": 0.017925993035684686, ""block_0_filters"": 32, ""block_0_kernel"": 5, ""block_1_dropout"": 0.01717551621622983, ""block_1_filters"": 64, ""block_1_kernel"": 3, ""block_1_stride"": 2, ""block_2_dropout"": 0.0260318906896158, ""block_2_filters"": 128, ""block_2_kernel"": 5, ""block_2_stride"": 1, ""n_blocks"": 3}",PRUNED
32,0.8346699796328275,2026-10-02 14:56:50.433400,2026-10-02 14:58:09.032932,0 days 00:01:18.599532,0.875215842717508,0.9140016207158259,0.0006008542586063983,6.0869758239582845e-05,64.0,0.02917435078366418,32,5,3,0.024240574534652164,64,7,1,0.02181061925821885,128,5,1,0.02563873981203577,64.0,5.0,2.0,0.01012617582713859,256.0,3.0,1.0,256,0.6303301512841337,6.0,5,Adam,,,,50.0,0.8462752525252525,0.8230647067404026,"{""block_0_dropout"": 0.02917435078366418, ""block_0_filters"": 32, ""block_0_kernel"": 5, ""block_1_dropout"": 0.024240574534652164, ""block_1_filters"": 64, ""block_1_kernel"": 7, ""block_1_stride"": 1, ""block_2_dropout"": 0.02181061925821885, ""block_2_filters"": 128, ""block_2_kernel"": 5, ""block_2_stride"": 1, ""n_blocks"": 5}",COMPLETE
33,0.2658918716636467,2026-10-02 14:58:09.091368,2026-10-02 14:58:24.648801,0 days 00:00:15.557433,,,,,64.0,0.030125566519554933,32,5,3,0.025908230139437473,64,3,1,0.010871189917634168,128,5,1,0.04194832413083063,128.0,5.0,2.0,,,,,128,0.7509729379457619,8.0,4,SGD,0.00013207685064435545,0.7927441308699665,0.0006070240151325587,,,,"{""block_0_dropout"": 0.030125566519554933, ""block_0_filters"": 32, ""block_0_kernel"": 5, ""block_1_dropout"": 0.025908230139437473, ""block_1_filters"": 64, ""block_1_kernel"": 3, ""block_1_stride"": 1, ""block_2_dropout"": 0.010871189917634168, ""block_2_filters"": 128, ""block_2_kernel"": 5, ""block_2_stride"": 1, ""n_blocks"": 4}",PRUNED
34,0.8290881071739754,2026-10-02 14:58:24.705744,2026-10-02 14:59:42.454161,0 days 00:01:17.748417,0.8860370004502637,0.9275888163347472,0.0006074517711872113,0.0007088880979182384,64.0,0.026568216341786084,32,5,3,0.010516749319434325,64,5,1,0.022681489122113117,128,5,1,0.031703124477083296,64.0,5.0,2.0,,,,,128,0.8465254509711516,6.0,4,Adam,,,,50.0,0.8456439393939394,0.8125322749540114,"{""block_0_dropout"": 0.026568216341786084, ""block_0_filters"": 32, ""block_0_kernel"": 5, ""block_1_dropout"": 0.010516749319434325, ""block_1_filters"": 64, ""block_1_kernel"": 5, ""block_1_stride"": 1, ""block_2_dropout"": 0.022681489122113117, ""block_2_filters"": 128, ""block_2_kernel"": 5, ""block_2_stride"": 1, ""n_blocks"": 4}",COMPLETE
35,0.8335996846832836,2026-10-02 14:59:42.512206,2026-10-02 15:00:57.164485,0 days 00:01:14.652279,0.866404974621365,0.9121219237873152,0.00018894837492844778,0.00624095981111752,64.0,0.04241734141383044,32,5,3,0.01766601382736512,64,3,1,0.035810413035722376,128,5,1,0.035708527143340205,64.0,5.0,2.0,,,,,256,0.6548220181288241,8.0,4,Adam,,,,50.0,0.8544823232323232,0.8127170461342439,"{""block_0_dropout"": 0.04241734141383044, ""block_0_filters"": 32, ""block_0_kernel"": 5, ""block_1_dropout"": 0.01766601382736512, ""block_1_filters"": 64, ""block_1_kernel"": 3, ""block_1_stride"": 1, ""block_2_dropout"": 0.035810413035722376, ""block_2_filters"": 128, ""block_2_kernel"": 5, ""block_2_stride"": 1, ""n_blocks"": 4}",COMPLETE
36,0.07217203175583697,2026-10-02 15:00:57.215926,2026-10-02 15:01:12.920986,0 days 00:00:15.705060,,,,,64.0,0.03888577021890633,32,5,3,0.02808703697281429,64,3,1,0.028456215111024325,128,5,1,0.03738396343605356,128.0,5.0,2.0,0.01569362368315918,256.0,3.0,1.0,128,0.5301010005377076,5.0,5,SGD,0.09134027952768675,0.9884250537821042,1.058267614021419e-05,,,,"{""block_0_dropout"": 0.03888577021890633, ""block_0_filters"": 32, ""block_0_kernel"": 5, ""block_1_dropout"": 0.02808703697281429, ""block_1_filters"": 64, ""block_1_kernel"": 3, ""block_1_stride"": 1, ""block_2_dropout"": 0.028456215111024325, ""block_2_filters"": 128, ""block_2_kernel"": 5, ""block_2_stride"": 1, ""n_blocks"": 5}",PRUNED
37,0.3605704179932797,2026-10-02 15:01:12.976674,2026-10-02 15:01:35.954277,0 days 00:00:22.977603,0.8503455969960834,0.944678064200285,0.00010288353837752335,6.288176311321179e-05,64.0,0.030509291515913247,32,5,3,0.014969602438908786,64,3,1,0.01378362090492721,128,5,1,0.02695352081950878,256.0,3.0,1.0,,,,,128,0.836138093271934,7.0,4,Adam,,,,,,,"{""block_0_dropout"": 0.030509291515913247, ""block_0_filters"": 32, ""block_0_kernel"": 5, ""block_1_dropout"": 0.014969602438908786, ""block_1_filters"": 64, ""block_1_kernel"": 3, ""block_1_stride"": 1, ""block_2_dropout"": 0.01378362090492721, ""block_2_filters"": 128, ""block_2_kernel"": 5, ""block_2_stride"": 1, ""n_blocks"": 4}",PRUNED
38,0.8806010949921395,2026-10-02 15:01:36.016468,2026-10-02 15:02:19.009053,0 days 00:00:42.992585,,,,,128.0,0.02345206554306953,32,5,3,0.013349103254472455,64,3,2,0.03325773056130078,128,5,1,0.030356582502954917,64.0,5.0,2.0,,,,,512,0.10483929065879416,10.0,4,SGD,0.007002618878883694,0.8779115521891643,0.0003893235720840619,48.0,0.9011994949494949,0.860002695034784,"{""block_0_dropout"": 0.02345206554306953, ""block_0_filters"": 32, ""block_0_kernel"": 5, ""block_1_dropout"": 0.013349103254472455, ""block_1_filters"": 64, ""block_1_kernel"": 3, ""block_1_stride"": 2, ""block_2_dropout"": 0.03325773056130078, ""block_2_filters"": 128, ""block_2_kernel"": 5, ""block_2_stride"": 1, ""n_blocks"": 4}",COMPLETE
39,0.8323639356949355,2026-10-02 15:02:19.063301,2026-10-02 15:03:24.603911,0 days 00:01:05.540610,0.8677310608746336,0.9110155632351179,0.00032588436148161696,0.0026526226784381124,128.0,0.026974539517586476,32,5,3,0.01989344394195551,64,3,1,0.016411765654794064,128,5,1,0.03003442991825033,64.0,5.0,2.0,,,,,512,0.3073805333392501,12.0,4,Adam,,,,45.0,0.8516414141414141,0.8130864572484567,"{""block_0_dropout"": 0.026974539517586476, ""block_0_filters"": 32, ""block_0_kernel"": 5, ""block_1_dropout"": 0.01989344394195551, ""block_1_filters"": 64, ""block_1_kernel"": 3, ""block_1_stride"": 1, ""block_2_dropout"": 0.016411765654794064, ""block_2_filters"": 128, ""block_2_kernel"": 5, ""block_2_stride"": 1, ""n_blocks"": 4}",COMPLETE
40,0.3227630377790667,2026-10-02 15:03:24.655670,2026-10-02 15:03:52.794222,0 days 00:00:28.138552,,,,,128.0,0.027691686123148953,32,7,3,0.01885664018584061,64,3,1,0.011914156850184815,128,5,1,0.021591199887675133,128.0,3.0,1.0,0.029655740394170186,512.0,3.0,1.0,512,0.2550311916704454,10.0,5,SGD,0.0009835308282936197,0.878393163778588,0.0007277974952025188,,,,"{""block_0_dropout"": 0.027691686123148953, ""block_0_filters"": 32, ""block_0_kernel"": 7, ""block_1_dropout"": 0.01885664018584061, ""block_1_filters"": 64, ""block_1_kernel"": 3, ""block_1_stride"": 1, ""block_2_dropout"": 0.011914156850184815, ""block_2_filters"": 128, ""block_2_kernel"": 5, ""block_2_stride"": 1, ""n_blocks"": 5}",PRUNED
41,0.8651384393909557,2026-10-02 15:03:52.867921,2026-10-02 15:04:35.318732,0 days 00:00:42.450811,,,,,128.0,0.01819978008460929,32,5,3,0.010468807067246292,64,3,2,0.02696521683385485,64,5,1,0.03425784341729051,64.0,5.0,2.0,,,,,512,0.3869033674506749,6.0,4,SGD,0.013180642564594136,0.7535413880140427,5.387719676957363e-06,48.0,0.8892045454545454,0.841072333327366,"{""block_0_dropout"": 0.01819978008460929, ""block_0_filters"": 32, ""block_0_kernel"": 5, ""block_1_dropout"": 0.010468807067246292, ""block_1_filters"": 64, ""block_1_kernel"": 3, ""block_1_stride"": 2, ""block_2_dropout"": 0.02696521683385485, ""block_2_filters"": 64, ""block_2_kernel"": 5, ""block_2_stride"": 1, ""n_blocks"": 4}",COMPLETE
42,0.8747101128298806,2026-10-02 15:04:35.382761,2026-10-02 15:05:23.922795,0 days 00:00:48.540034,,,,,128.0,0.023338915712718716,32,5,3,0.014500194059790188,64,3,2,0.038880671090021926,128,5,1,0.03321399419306752,64.0,5.0,2.0,,,,,512,0.11653658789145643,6.0,4,SGD,0.009628688988849854,0.8451682868317869,0.00010186729730150577,39.0,0.898989898989899,0.8504303266698623,"{""block_0_dropout"": 0.023338915712718716, ""block_0_filters"": 32, ""block_0_kernel"": 5, ""block_1_dropout"": 0.014500194059790188, ""block_1_filters"": 64, ""block_1_kernel"": 3, ""block_1_stride"": 2, ""block_2_dropout"": 0.038880671090021926, ""block_2_filters"": 128, ""block_2_kernel"": 5, ""block_2_stride"": 1, ""n_blocks"": 4}",COMPLETE
43,0.866925461739151,2026-10-02 15:05:23.976013,2026-10-02 15:06:11.977316,0 days 00:00:48.001303,,,,,128.0,0.019678760394442232,32,5,3,0.015423903719966305,32,3,2,0.036931172703358515,128,5,1,0.03377091043236553,64.0,5.0,2.0,,,,,512,0.10602729454179553,9.0,4,SGD,0.008518811239659717,0.8571684382088333,0.00011300176948573686,44.0,0.8914141414141414,0.8424367820641605,"{""block_0_dropout"": 0.019678760394442232, ""block_0_filters"": 32, ""block_0_kernel"": 5, ""block_1_dropout"": 0.015423903719966305, ""block_1_filters"": 32, ""block_1_kernel"": 3, ""block_1_stride"": 2, ""block_2_dropout"": 0.036931172703358515, ""block_2_filters"": 128, ""block_2_kernel"": 5, ""block_2_stride"": 1, ""n_blocks"": 4}",COMPLETE
44,0.8696577331775597,2026-10-02 15:06:12.051120,2026-10-02 15:06:58.756536,0 days 00:00:46.705416,,,,,128.0,0.02797797458396837,32,5,3,0.01811673547446649,64,3,2,0.039845008415970364,128,5,1,0.04114132198254904,64.0,5.0,2.0,,,,,512,0.10889402451859513,9.0,4,SGD,0.0029933002373285296,0.8539892639364242,0.00010886652661857669,49.0,0.891729797979798,0.8475856683753212,"{""block_0_dropout"": 0.02797797458396837, ""block_0_filters"": 32, ""block_0_kernel"": 5, ""block_1_dropout"": 0.01811673547446649, ""block_1_filters"": 64, ""block_1_kernel"": 3, ""block_1_stride"": 2, ""block_2_dropout"": 0.039845008415970364, ""block_2_filters"": 128, ""block_2_kernel"": 5, ""block_2_stride"": 1, ""n_blocks"": 4}",COMPLETE
45,0.8540076698982436,2026-10-02 15:06:58.815560,2026-10-02 15:07:47.311134,0 days 00:00:48.495574,,,,,128.0,0.02228013988755356,32,5,3,0.021109938173781873,64,3,2,0.045039652271860936,128,5,1,0.04138880765973846,128.0,3.0,2.0,,,,,512,0.12747212191690244,12.0,4,SGD,0.0029711191068904318,0.850598994942138,8.976969729150005e-05,49.0,0.8746843434343434,0.8333309963621438,"{""block_0_dropout"": 0.02228013988755356, ""block_0_filters"": 32, ""block_0_kernel"": 5, ""block_1_dropout"": 0.021109938173781873, ""block_1_filters"": 64, ""block_1_kernel"": 3, ""block_1_stride"": 2, ""block_2_dropout"": 0.045039652271860936, ""block_2_filters"": 128, ""block_2_kernel"": 5, ""block_2_stride"": 1, ""n_blocks"": 4}",COMPLETE
46,0.3809232554554278,2026-10-02 15:07:47.379208,2026-10-02 15:07:58.240734,0 days 00:00:10.861526,,,,,128.0,0.0191214695393601,32,5,3,0.011100124668672266,64,3,2,0.04230059754779097,128,5,1,0.04905437196968751,64.0,5.0,1.0,,,,,512,0.11000993354349736,9.0,4,SGD,0.00341248880903589,0.848434743769895,0.00013230697344857826,,,,"{""block_0_dropout"": 0.0191214695393601, ""block_0_filters"": 32, ""block_0_kernel"": 5, ""block_1_dropout"": 0.011100124668672266, ""block_1_filters"": 64, ""block_1_kernel"": 3, ""block_1_stride"": 2, ""block_2_dropout"": 0.04230059754779097, ""block_2_filters"": 128, ""block_2_kernel"": 5, ""block_2_stride"": 1, ""n_blocks"": 4}",PRUNED
47,0.8825576311509252,2026-10-02 15:07:58.306982,2026-10-02 15:08:46.065797,0 days 00:00:47.758815,,,,,128.0,0.02688924768611191,32,5,3,0.017416857949134758,64,3,2,0.032559864970669816,128,5,1,0.016707413115565943,256.0,5.0,2.0,,,,,512,0.18160399416028766,10.0,4,SGD,0.017547955640327843,0.8551528133267439,3.937474670919456e-05,50.0,0.9046717171717171,0.8604435451301333,"{""block_0_dropout"": 0.02688924768611191, ""block_0_filters"": 32, ""block_0_kernel"": 5, ""block_1_dropout"": 0.017416857949134758, ""block_1_filters"": 64, ""block_1_kernel"": 3, ""block_1_stride"": 2, ""block_2_dropout"": 0.032559864970669816, ""block_2_filters"": 128, ""block_2_kernel"": 5, ""block_2_stride"": 1, ""n_blocks"": 4}",COMPLETE
48,0.8929174072500673,2026-10-02 15:08:46.130208,2026-10-02 15:09:30.381092,0 days 00:00:44.250884,,,,,128.0,0.014750530491142727,32,5,3,0.01423686226373188,64,3,2,0.029605574888499183,128,5,1,0.017094235392630677,256.0,3.0,2.0,,,,,512,0.185018365266779,13.0,4,SGD,0.02137718789341389,0.9315297852776003,3.9000246107510855e-05,47.0,0.9097222222222222,0.8761125922779124,"{""block_0_dropout"": 0.014750530491142727, ""block_0_filters"": 32, ""block_0_kernel"": 5, ""block_1_dropout"": 0.01423686226373188, ""block_1_filters"": 64, ""block_1_kernel"": 3, ""block_1_stride"": 2, ""block_2_dropout"": 0.029605574888499183, ""block_2_filters"": 128, ""block_2_kernel"": 5, ""block_2_stride"": 1, ""n_blocks"": 4}",COMPLETE
49,,2026-10-02 15:09:30.437925,2026-10-02 15:09:30.449700,0 days 00:00:00.011775,,,,,,0.02478205288040708,32,5,3,0.019320173209186418,64,5,2,0.031331620861595764,128,5,1,,,,,,,,,,,,3,,,,,,,,"{""block_0_dropout"": 0.02478205288040708, ""block_0_filters"": 32, ""block_0_kernel"": 5, ""block_1_dropout"": 0.019320173209186418, ""block_1_filters"": 64, ""block_1_kernel"": 5, ""block_1_stride"": 2, ""block_2_dropout"": 0.031331620861595764, ""block_2_filters"": 128, ""block_2_kernel"": 5, ""block_2_stride"": 1, ""n_blocks"": 3}",PRUNED
50,0.4247582887965033,2026-10-02 15:09:30.500067,2026-10-02 15:09:42.453731,0 days 00:00:11.953664,,,,,128.0,0.012798560634712746,32,5,3,0.0102191570223095,64,3,2,0.04144733204201969,128,5,1,,,,,,,,,512,0.18050099452493162,15.0,3,SGD,0.02692743547961392,0.9461622760333414,3.1316170149263856e-05,,,,"{""block_0_dropout"": 0.012798560634712746, ""block_0_filters"": 32, ""block_0_kernel"": 5, ""block_1_dropout"": 0.0102191570223095, ""block_1_filters"": 64, ""block_1_kernel"": 3, ""block_1_stride"": 2, ""block_2_dropout"": 0.04144733204201969, ""block_2_filters"": 128, ""block_2_kernel"": 5, ""block_2_stride"": 1, ""n_blocks"": 3}",PRUNED
51,0.8805177555545081,2026-10-02 15:09:42.508210,2026-10-02 15:10:29.962859,0 days 00:00:47.454649,,,,,128.0,0.02890447162540582,32,5,3,0.013694663872848498,64,3,2,0.025038889096161546,128,5,1,0.018406016157770842,256.0,3.0,2.0,,,,,512,0.16174135735677903,13.0,4,SGD,0.023041803348678374,0.8245837748355336,0.0003473731154281862,48.0,0.8999368686868687,0.8610986424221473,"{""block_0_dropout"": 0.02890447162540582, ""block_0_filters"": 32, ""block_0_kernel"": 5, ""block_1_dropout"": 0.013694663872848498, ""block_1_filters"": 64, ""block_1_kernel"": 3, ""block_1_stride"": 2, ""block_2_dropout"": 0.025038889096161546, ""block_2_filters"": 128, ""block_2_kernel"": 5, ""block_2_stride"": 1, ""n_blocks"": 4}",COMPLETE
52,0.87958195876345,2026-10-02 15:10:30.015336,2026-10-02 15:11:13.430671,0 days 00:00:43.415335,,,,,128.0,0.034522535190846484,32,5,3,0.01412538833990934,64,3,2,0.036282257713935395,128,5,1,0.017648302601041912,256.0,3.0,2.0,,,,,512,0.17240580645392023,13.0,4,SGD,0.027182778959267052,0.8273412019876629,0.00043344713607954775,50.0,0.9011994949494949,0.8579644225774051,"{""block_0_dropout"": 0.034522535190846484, ""block_0_filters"": 32, ""block_0_kernel"": 5, ""block_1_dropout"": 0.01412538833990934, ""block_1_filters"": 64, ""block_1_kernel"": 3, ""block_1_stride"": 2, ""block_2_dropout"": 0.036282257713935395, ""block_2_filters"": 128, ""block_2_kernel"": 5, ""block_2_stride"": 1, ""n_blocks"": 4}",COMPLETE
53,0.862013289783252,2026-10-02 15:11:13.483838,2026-10-02 15:11:56.633429,0 days 00:00:43.149591,,,,,128.0,0.032135415960870155,32,5,3,0.015512381708274445,64,3,2,0.033580167369870746,128,5,1,0.017935217609129726,256.0,3.0,2.0,,,,,512,0.22243204372168893,13.0,4,SGD,0.025865123658908685,0.8152986604643194,0.0011053963101459905,38.0,0.8841540404040404,0.8398725391624634,"{""block_0_dropout"": 0.032135415960870155, ""block_0_filters"": 32, ""block_0_kernel"": 5, ""block_1_dropout"": 0.015512381708274445, ""block_1_filters"": 64, ""block_1_kernel"": 3, ""block_1_stride"": 2, ""block_2_dropout"": 0.033580167369870746, ""block_2_filters"": 128, ""block_2_kernel"": 5, ""block_2_stride"": 1, ""n_blocks"": 4}",COMPLETE
54,,2026-10-02 15:11:56.692630,2026-10-02 15:11:56.746175,0 days 00:00:00.053545,,,,,,0.017502892751537824,32,5,3,0.01684993645021706,64,3,2,0.034733840797206705,128,5,1,0.014530100003880208,256.0,3.0,2.0,0.04371524832750949,128.0,3.0,1.0,,,,5,,,,,,,,"{""block_0_dropout"": 0.017502892751537824, ""block_0_filters"": 32, ""block_0_kernel"": 5, ""block_1_dropout"": 0.01684993645021706, ""block_1_filters"": 64, ""block_1_kernel"": 3, ""block_1_stride"": 2, ""block_2_dropout"": 0.034733840797206705, ""block_2_filters"": 128, ""block_2_kernel"": 5, ""block_2_stride"": 1, ""n_blocks"": 5}",PRUNED
55,0.8837489526521505,2026-10-02 15:11:56.883447,2026-10-02 15:12:41.592062,0 days 00:00:44.708615,,,,,128.0,0.024728202991033812,32,5,3,0.019918445743774656,64,3,2,0.023201074557741938,128,5,1,0.01895551809623792,256.0,3.0,2.0,,,,,512,0.16290667546938087,17.0,4,SGD,0.018914708859699144,0.9377511142734685,0.0003303485069557549,46.0,0.9021464646464646,0.8653514406578363,"{""block_0_dropout"": 0.024728202991033812, ""block_0_filters"": 32, ""block_0_kernel"": 5, ""block_1_dropout"": 0.019918445743774656, ""block_1_filters"": 64, ""block_1_kernel"": 3, ""block_1_stride"": 2, ""block_2_dropout"": 0.023201074557741938, ""block_2_filters"": 128, ""block_2_kernel"": 5, ""block_2_stride"": 1, ""n_blocks"": 4}",COMPLETE
56,0.873542529746838,2026-10-02 15:12:41.645296,2026-10-02 15:13:27.917557,0 days 00:00:46.272261,,,,,128.0,0.027079447525839944,32,5,3,0.01690059698234177,64,3,2,0.0226106382271287,128,5,1,0.018702947615692272,256.0,3.0,2.0,,,,,512,0.16499726002310852,18.0,4,SGD,0.018688919540127795,0.9371274838659442,0.0004139124371682558,49.0,0.8964646464646465,0.8506204130290295,"{""block_0_dropout"": 0.027079447525839944, ""block_0_filters"": 32, ""block_0_kernel"": 5, ""block_1_dropout"": 0.01690059698234177, ""block_1_filters"": 64, ""block_1_kernel"": 3, ""block_1_stride"": 2, ""block_2_dropout"": 0.0226106382271287, ""block_2_filters"": 128, ""block_2_kernel"": 5, ""block_2_stride"": 1, ""n_blocks"": 4}",COMPLETE
57,0.3273110796348325,2026-10-02 15:13:27.972383,2026-10-02 15:13:36.547796,0 days 00:00:08.575413,,,,,128.0,0.022815241791166296,32,5,3,0.021823203909678544,64,3,2,0.021989610811815635,128,5,1,0.014895658426980598,256.0,3.0,2.0,,,,,512,0.24787372126351942,17.0,4,SGD,0.04514694486510228,0.9455291906324799,0.0013326311675297764,,,,"{""block_0_dropout"": 0.022815241791166296, ""block_0_filters"": 32, ""block_0_kernel"": 5, ""block_1_dropout"": 0.021823203909678544, ""block_1_filters"": 64, ""block_1_kernel"": 3, ""block_1_stride"": 2, ""block_2_dropout"": 0.021989610811815635, ""block_2_filters"": 128, ""block_2_kernel"": 5, ""block_2_stride"": 1, ""n_blocks"": 4}",PRUNED
58,0.4486501263357652,2026-10-02 15:13:36.608347,2026-10-02 15:13:46.859317,0 days 00:00:10.250970,,,,,128.0,0.032672588362413754,32,5,3,0.019235434032658608,64,3,2,0.02882857393598228,128,5,1,0.012181131308570832,256.0,3.0,1.0,,,,,512,0.15860053171933913,14.0,4,SGD,0.036635898515192174,0.9143139673778834,0.00023920733070057908,,,,"{""block_0_dropout"": 0.032672588362413754, ""block_0_filters"": 32, ""block_0_kernel"": 5, ""block_1_dropout"": 0.019235434032658608, ""block_1_filters"": 64, ""block_1_kernel"": 3, ""block_1_stride"": 2, ""block_2_dropout"": 0.02882857393598228, ""block_2_filters"": 128, ""block_2_kernel"": 5, ""block_2_stride"": 1, ""n_blocks"": 4}",PRUNED
59,0.8704395749853302,2026-10-02 15:13:46.928894,2026-10-02 15:14:30.541920,0 days 00:00:43.613026,,,,,128.0,0.029365024568357365,32,5,3,0.011753146520360502,64,3,2,0.03865772118699044,128,5,1,0.016105108407752755,256.0,3.0,2.0,,,,,512,0.21122133102238877,13.0,4,SGD,0.015262505309700069,0.8254525038802394,0.0017088574730476968,50.0,0.8945707070707071,0.8463084428999533,"{""block_0_dropout"": 0.029365024568357365, ""block_0_filters"": 32, ""block_0_kernel"": 5, ""block_1_dropout"": 0.011753146520360502, ""block_1_filters"": 64, ""block_1_kernel"": 3, ""block_1_stride"": 2, ""block_2_dropout"": 0.03865772118699044, ""block_2_filters"": 128, ""block_2_kernel"": 5, ""block_2_stride"": 1, ""n_blocks"": 4}",COMPLETE
60,0.8728412396693856,2026-10-02 15:14:30.594355,2026-10-02 15:15:13.570257,0 days 00:00:42.975902,,,,,128.0,0.03908079978900561,32,5,3,0.012886737944786578,64,3,2,0.03770917845931586,128,5,1,0.020178682805326337,256.0,3.0,2.0,,,,,512,0.2919323160770453,19.0,4,SGD,0.018090465830431123,0.8789918143526918,0.00032722222212194085,44.0,0.8942550505050505,0.8514274288337209,"{""block_0_dropout"": 0.03908079978900561, ""block_0_filters"": 32, ""block_0_kernel"": 5, ""block_1_dropout"": 0.012886737944786578, ""block_1_filters"": 64, ""block_1_kernel"": 3, ""block_1_stride"": 2, ""block_2_dropout"": 0.03770917845931586, ""block_2_filters"": 128, ""block_2_kernel"": 5, ""block_2_stride"": 1, ""n_blocks"": 4}",COMPLETE
61,0.8917257584522291,2026-10-02 15:15:13.623288,2026-10-02 15:15:58.996246,0 days 00:00:45.372958,,,,,128.0,0.02596039611379707,32,5,3,0.015914181411566156,64,3,2,0.03238938870923365,128,5,1,0.018503780937160957,256.0,3.0,2.0,,,,,512,0.15725008224434212,16.0,4,SGD,0.053203295787528415,0.8811897900656187,4.019650037791672e-05,49.0,0.9097222222222222,0.873729294682236,"{""block_0_dropout"": 0.02596039611379707, ""block_0_filters"": 32, ""block_0_kernel"": 5, ""block_1_dropout"": 0.015914181411566156, ""block_1_filters"": 64, ""block_1_kernel"": 3, ""block_1_stride"": 2, ""block_2_dropout"": 0.03238938870923365, ""block_2_filters"": 128, ""block_2_kernel"": 5, ""block_2_stride"": 1, ""n_blocks"": 4}",COMPLETE
62,0.8824696179866451,2026-10-02 15:15:59.049504,2026-10-02 15:16:42.249951,0 days 00:00:43.200447,,,,,128.0,0.025440448985390596,32,5,3,0.017760365587347844,64,3,2,0.032661702318041747,128,5,1,0.01306309472673934,256.0,3.0,2.0,,,,,512,0.14972943899881952,16.0,4,SGD,0.05002500017504514,0.8917253247456186,4.588060327226197e-05,44.0,0.9011994949494949,0.8637397410237954,"{""block_0_dropout"": 0.025440448985390596, ""block_0_filters"": 32, ""block_0_kernel"": 5, ""block_1_dropout"": 0.017760365587347844, ""block_1_filters"": 64, ""block_1_kernel"": 3, ""block_1_stride"": 2, ""block_2_dropout"": 0.032661702318041747, ""block_2_filters"": 128, ""block_2_kernel"": 5, ""block_2_stride"": 1, ""n_blocks"": 4}",COMPLETE
63,0.8922013963680617,2026-10-02 15:16:42.303346,2026-10-02 15:17:25.745706,0 days 00:00:43.442360,,,,,128.0,0.022944912864784818,32,5,3,0.01011831746211346,64,3,2,0.03497443860544524,128,5,1,0.01314012496114641,256.0,3.0,2.0,,,,,512,0.1391726778606724,17.0,4,SGD,0.049009696075172526,0.8804203944211653,3.196170514599795e-05,49.0,0.9090909090909091,0.8753118836452144,"{""block_0_dropout"": 0.022944912864784818, ""block_0_filters"": 32, ""block_0_kernel"": 5, ""block_1_dropout"": 0.01011831746211346, ""block_1_filters"": 64, ""block_1_kernel"": 3, ""block_1_stride"": 2, ""block_2_dropout"": 0.03497443860544524, ""block_2_filters"": 128, ""block_2_kernel"": 5, ""block_2_stride"": 1, ""n_blocks"": 4}",COMPLETE
64,0.4980352409378448,2026-10-02 15:17:25.812712,2026-10-02 15:17:34.713723,0 days 00:00:08.901011,,,,,128.0,0.02509921481933226,32,5,3,0.012652128673957899,64,3,2,0.031961036096824796,128,5,1,0.01282795244866997,256.0,3.0,2.0,,,,,512,0.2143548532815415,16.0,4,SGD,0.07390211190200323,0.8904531728849986,3.9343884606400324e-05,,,,"{""block_0_dropout"": 0.02509921481933226, ""block_0_filters"": 32, ""block_0_kernel"": 5, ""block_1_dropout"": 0.012652128673957899, ""block_1_filters"": 64, ""block_1_kernel"": 3, ""block_1_stride"": 2, ""block_2_dropout"": 0.031961036096824796, ""block_2_filters"": 128, ""block_2_kernel"": 5, ""block_2_stride"": 1, ""n_blocks"": 4}",PRUNED
65,0.8857159981936138,2026-10-02 15:17:34.768557,2026-10-02 15:18:15.781859,0 days 00:00:41.013302,,,,,200.0,0.019500958102551515,32,5,3,0.01418300306289263,64,3,2,0.02950213058142464,128,5,1,0.012893785618190939,256.0,3.0,2.0,,,,,512,0.14797876444040511,17.0,4,SGD,0.04668586615053681,0.9184799340345187,4.933068331999063e-05,50.0,0.9037247474747475,0.8677072489124801,"{""block_0_dropout"": 0.019500958102551515, ""block_0_filters"": 32, ""block_0_kernel"": 5, ""block_1_dropout"": 0.01418300306289263, ""block_1_filters"": 64, ""block_1_kernel"": 3, ""block_1_stride"": 2, ""block_2_dropout"": 0.02950213058142464, ""block_2_filters"": 128, ""block_2_kernel"": 5, ""block_2_stride"": 1, ""n_blocks"": 4}",COMPLETE
66,0.8925818788641893,2026-10-02 15:18:15.838402,2026-10-02 15:18:55.934030,0 days 00:00:40.095628,,,,,200.0,0.01653233734733625,32,5,3,0.010367689902352883,64,3,2,0.035278472338791604,128,5,1,0.010479658194896468,256.0,3.0,2.0,,,,,512,0.14247365726809505,17.0,4,SGD,0.05175765852475485,0.9257290277706356,2.2298829085237085e-05,47.0,0.9087752525252525,0.8763885052031261,"{""block_0_dropout"": 0.01653233734733625, ""block_0_filters"": 32, ""block_0_kernel"": 5, ""block_1_dropout"": 0.010367689902352883, ""block_1_filters"": 64, ""block_1_kernel"": 3, ""block_1_stride"": 2, ""block_2_dropout"": 0.035278472338791604, ""block_2_filters"": 128, ""block_2_kernel"": 5, ""block_2_stride"": 1, ""n_blocks"": 4}",COMPLETE
67,0.4827442791591977,2026-10-02 15:18:55.990199,2026-10-02 15:19:04.098798,0 days 00:00:08.108599,,,,,200.0,0.01941185847167185,32,5,3,0.016509980013656337,64,3,2,0.02774457151224058,128,5,1,0.011051614163953593,256.0,3.0,2.0,,,,,512,0.2439408459569252,17.0,4,SGD,0.05564429533312838,0.9249009155477053,1.982962623361067e-05,,,,"{""block_0_dropout"": 0.01941185847167185, ""block_0_filters"": 32, ""block_0_kernel"": 5, ""block_1_dropout"": 0.016509980013656337, ""block_1_filters"": 64, ""block_1_kernel"": 3, ""block_1_stride"": 2, ""block_2_dropout"": 0.02774457151224058, ""block_2_filters"": 128, ""block_2_kernel"": 5, ""block_2_stride"": 1, ""n_blocks"": 4}",PRUNED
68,0.42287492560897455,2026-10-02 15:19:04.151869,2026-10-02 15:19:12.377596,0 days 00:00:08.225727,,,,,200.0,0.0192204425390728,32,5,3,0.012221870382306503,64,3,2,0.03193316775680917,128,5,1,0.01640138517475731,256.0,3.0,2.0,,,,,512,0.2848856008730727,18.0,4,SGD,0.05308494462191563,0.9630972222356408,1.9301107098126256e-05,,,,"{""block_0_dropout"": 0.0192204425390728, ""block_0_filters"": 32, ""block_0_kernel"": 5, ""block_1_dropout"": 0.012221870382306503, ""block_1_filters"": 64, ""block_1_kernel"": 3, ""block_1_stride"": 2, ""block_2_dropout"": 0.03193316775680917, ""block_2_filters"": 128, ""block_2_kernel"": 5, ""block_2_stride"": 1, ""n_blocks"": 4}",PRUNED
69,0.8917679200183777,2026-10-02 15:19:12.431270,2026-10-02 15:19:53.853414,0 days 00:00:41.422144,,,,,200.0,0.019325811198223384,32,5,3,0.02049085037886809,64,3,2,0.025845278900681754,128,5,1,0.010016649127473973,256.0,3.0,2.0,,,,,512,0.19171524963503717,18.0,4,SGD,0.03858997088619064,0.904683744949516,8.437021661470551e-06,48.0,0.9106691919191919,0.8728666481175635,"{""block_0_dropout"": 0.019325811198223384, ""block_0_filters"": 32, ""block_0_kernel"": 5, ""block_1_dropout"": 0.02049085037886809, ""block_1_filters"": 64, ""block_1_kernel"": 3, ""block_1_stride"": 2, ""block_2_dropout"": 0.025845278900681754, ""block_2_filters"": 128, ""block_2_kernel"": 5, ""block_2_stride"": 1, ""n_blocks"": 4}",COMPLETE
70,0.8706737098418775,2026-10-02 15:19:53.905812,2026-10-02 15:20:33.977898,0 days 00:00:40.072086,,,,,200.0,0.014774589967559308,32,5,3,0.01969484126244757,64,3,2,0.020532289130521623,128,5,1,0.010175462469250551,256.0,3.0,2.0,,,,,512,0.13551028991608907,18.0,4,SGD,0.03883839721585119,0.9082400549207469,8.06335185450538e-06,40.0,0.8926767676767676,0.8486706520069875,"{""block_0_dropout"": 0.014774589967559308, ""block_0_filters"": 32, ""block_0_kernel"": 5, ""block_1_dropout"": 0.01969484126244757, ""block_1_filters"": 64, ""block_1_kernel"": 3, ""block_1_stride"": 2, ""block_2_dropout"": 0.020532289130521623, ""block_2_filters"": 128, ""block_2_kernel"": 5, ""block_2_stride"": 1, ""n_blocks"": 4}",COMPLETE
71,0.5117975930878589,2026-10-02 15:20:34.030306,2026-10-02 15:20:42.127947,0 days 00:00:08.097641,,,,,200.0,0.013885634335490409,32,5,3,0.014538991981148426,64,3,2,0.025824136373857297,128,5,1,0.01357953453163482,256.0,3.0,2.0,,,,,512,0.19131746037838276,19.0,4,SGD,0.061669374547671026,0.9259101536707574,2.8187150305959556e-05,,,,"{""block_0_dropout"": 0.013885634335490409, ""block_0_filters"": 32, ""block_0_kernel"": 5, ""block_1_dropout"": 0.014538991981148426, ""block_1_filters"": 64, ""block_1_kernel"": 3, ""block_1_stride"": 2, ""block_2_dropout"": 0.025824136373857297, ""block_2_filters"": 128, ""block_2_kernel"": 5, ""block_2_stride"": 1, ""n_blocks"": 4}",PRUNED
72,0.8855216903978446,2026-10-02 15:20:42.182764,2026-10-02 15:21:22.417651,0 days 00:00:40.234887,,,,,200.0,0.014224106896960487,32,5,3,0.010168960351288517,64,3,2,0.03537540462923254,128,5,1,0.01595423691115518,256.0,3.0,2.0,,,,,512,0.20533261129440422,15.0,4,SGD,0.036774990623050896,0.9056230538398637,5.943274082159238e-05,50.0,0.9068813131313131,0.864162067664376,"{""block_0_dropout"": 0.014224106896960487, ""block_0_filters"": 32, ""block_0_kernel"": 5, ""block_1_dropout"": 0.010168960351288517, ""block_1_filters"": 64, ""block_1_kernel"": 3, ""block_1_stride"": 2, ""block_2_dropout"": 0.03537540462923254, ""block_2_filters"": 128, ""block_2_kernel"": 5, ""block_2_stride"": 1, ""n_blocks"": 4}",COMPLETE
73,0.8946595206512764,2026-10-02 15:21:22.475598,2026-10-02 15:22:02.937715,0 days 00:00:40.462117,,,,,200.0,0.01019308669159256,32,5,3,0.01564984739876563,64,3,2,0.03166044194742722,128,5,1,0.011753753862069309,256.0,3.0,2.0,,,,,512,0.2277586627928968,15.0,4,SGD,0.03544230712931937,0.9031551237047736,6.171628647453217e-05,50.0,0.9138257575757576,0.8754932837267954,"{""block_0_dropout"": 0.01019308669159256, ""block_0_filters"": 32, ""block_0_kernel"": 5, ""block_1_dropout"": 0.01564984739876563, ""block_1_filters"": 64, ""block_1_kernel"": 3, ""block_1_stride"": 2, ""block_2_dropout"": 0.03166044194742722, ""block_2_filters"": 128, ""block_2_kernel"": 5, ""block_2_stride"": 1, ""n_blocks"": 4}",COMPLETE
74,0.8785744320720843,2026-10-02 15:22:02.995157,2026-10-02 15:22:43.307925,0 days 00:00:40.312768,,,,,200.0,0.013906354291311618,32,5,3,0.012226763675022597,64,3,2,0.029838628047781257,128,5,1,0.011722548964347773,256.0,3.0,2.0,,,,,512,0.327476952876806,15.0,4,SGD,0.03899149546388861,0.9028462505574866,6.898588663358967e-05,46.0,0.8986742424242424,0.8584746217199262,"{""block_0_dropout"": 0.013906354291311618, ""block_0_filters"": 32, ""block_0_kernel"": 5, ""block_1_dropout"": 0.012226763675022597, ""block_1_filters"": 64, ""block_1_kernel"": 3, ""block_1_stride"": 2, ""block_2_dropout"": 0.029838628047781257, ""block_2_filters"": 128, ""block_2_kernel"": 5, ""block_2_stride"": 1, ""n_blocks"": 4}",COMPLETE
75,0.5310618697758167,2026-10-02 15:22:43.365076,2026-10-02 15:22:51.461254,0 days 00:00:08.096178,,,,,200.0,0.017496897612317017,32,5,3,0.010966653123115419,64,3,2,0.03485560592677508,128,5,1,0.014137980413150564,256.0,3.0,2.0,,,,,512,0.22997273862570816,16.0,4,SGD,0.06645571668081456,0.9205488675518374,1.0553098913856644e-05,,,,"{""block_0_dropout"": 0.017496897612317017, ""block_0_filters"": 32, ""block_0_kernel"": 5, ""block_1_dropout"": 0.010966653123115419, ""block_1_filters"": 64, ""block_1_kernel"": 3, ""block_1_stride"": 2, ""block_2_dropout"": 0.03485560592677508, ""block_2_filters"": 128, ""block_2_kernel"": 5, ""block_2_stride"": 1, ""n_blocks"": 4}",PRUNED
76,0.8909623859251876,2026-10-02 15:22:51.516487,2026-10-02 15:23:32.776223,0 days 00:00:41.259736,,,,,200.0,0.013368093288643086,32,5,3,0.01591006640197818,64,3,2,0.037745177953561235,128,5,1,0.015283981800984829,256.0,3.0,2.0,,,,,512,0.2689543814890939,14.0,4,SGD,0.033710788027381144,0.9038841453207923,4.034551130818847e-06,48.0,0.9056186868686869,0.8763060849816885,"{""block_0_dropout"": 0.013368093288643086, ""block_0_filters"": 32, ""block_0_kernel"": 5, ""block_1_dropout"": 0.01591006640197818, ""block_1_filters"": 64, ""block_1_kernel"": 3, ""block_1_stride"": 2, ""block_2_dropout"": 0.037745177953561235, ""block_2_filters"": 128, ""block_2_kernel"": 5, ""block_2_stride"": 1, ""n_blocks"": 4}",COMPLETE
77,0.38139034593137455,2026-10-02 15:23:32.831694,2026-10-02 15:23:42.587786,0 days 00:00:09.756092,,,,,200.0,0.010866704905200747,32,5,3,0.015647628796375396,64,3,2,0.041756363849640786,128,5,1,0.010015939051404084,256.0,3.0,1.0,,,,,512,0.278548553708836,14.0,4,SGD,0.08790604973915263,0.8913776215692866,4.025916304311842e-06,,,,"{""block_0_dropout"": 0.010866704905200747, ""block_0_filters"": 32, ""block_0_kernel"": 5, ""block_1_dropout"": 0.015647628796375396, ""block_1_filters"": 64, ""block_1_kernel"": 3, ""block_1_stride"": 2, ""block_2_dropout"": 0.041756363849640786, ""block_2_filters"": 128, ""block_2_kernel"": 5, ""block_2_stride"": 1, ""n_blocks"": 4}",PRUNED
78,0.41077910702402387,2026-10-02 15:23:42.641087,2026-10-02 15:23:50.714082,0 days 00:00:08.072995,,,,,200.0,0.010251967666534958,32,5,3,0.018136032119994892,64,3,2,0.030954498815163378,128,5,1,0.011949932608437675,256.0,3.0,2.0,,,,,512,0.36189293165495773,19.0,4,SGD,0.03267473271267627,0.962920556269143,2.9221918289866707e-06,,,,"{""block_0_dropout"": 0.010251967666534958, ""block_0_filters"": 32, ""block_0_kernel"": 5, ""block_1_dropout"": 0.018136032119994892, ""block_1_filters"": 64, ""block_1_kernel"": 3, ""block_1_stride"": 2, ""block_2_dropout"": 0.030954498815163378, ""block_2_filters"": 128, ""block_2_kernel"": 5, ""block_2_stride"": 1, ""n_blocks"": 4}",PRUNED
79,0.884999376668239,2026-10-02 15:23:50.772208,2026-10-02 15:24:32.564765,0 days 00:00:41.792557,,,,,200.0,0.014064802858148307,32,5,3,0.01625752349757913,64,3,2,0.031376103152640236,128,5,1,0.01508347143676393,256.0,3.0,2.0,,,,,512,0.2684657382529992,14.0,4,SGD,0.04762832142846657,0.8817751705679786,1.4300725766534123e-05,48.0,0.9040404040404041,0.865958349296074,"{""block_0_dropout"": 0.014064802858148307, ""block_0_filters"": 32, ""block_0_kernel"": 5, ""block_1_dropout"": 0.01625752349757913, ""block_1_filters"": 64, ""block_1_kernel"": 3, ""block_1_stride"": 2, ""block_2_dropout"": 0.031376103152640236, ""block_2_filters"": 128, ""block_2_kernel"": 5, ""block_2_stride"": 1, ""n_blocks"": 4}",COMPLETE
80,0.29924664853920335,2026-10-02 15:24:32.618070,2026-10-02 15:24:40.589145,0 days 00:00:07.971075,,,,,200.0,0.025247479016729496,32,5,3,0.016800763889353976,64,3,2,0.027402177660693916,128,5,1,0.013608874541853421,256.0,3.0,2.0,,,,,512,0.1360467224177266,17.0,4,SGD,0.00048138558200833055,0.8673311562290482,2.3552098883936105e-05,,,,"{""block_0_dropout"": 0.025247479016729496, ""block_0_filters"": 32, ""block_0_kernel"": 5, ""block_1_dropout"": 0.016800763889353976, ""block_1_filters"": 64, ""block_1_kernel"": 3, ""block_1_stride"": 2, ""block_2_dropout"": 0.027402177660693916, ""block_2_filters"": 128, ""block_2_kernel"": 5, ""block_2_stride"": 1, ""n_blocks"": 4}",PRUNED
81,,2026-10-02 15:24:40.643122,2026-10-02 15:24:40.657612,0 days 00:00:00.014490,,,,,,0.01467944630374112,32,5,3,0.013774049670772425,64,7,2,0.03914333397985849,128,5,1,0.015588841923035154,256.0,3.0,2.0,,,,,,,,4,,,,,,,,"{""block_0_dropout"": 0.01467944630374112, ""block_0_filters"": 32, ""block_0_kernel"": 5, ""block_1_dropout"": 0.013774049670772425, ""block_1_filters"": 64, ""block_1_kernel"": 7, ""block_1_stride"": 2, ""block_2_dropout"": 0.03914333397985849, ""block_2_filters"": 128, ""block_2_kernel"": 5, ""block_2_stride"": 1, ""n_blocks"": 4}",PRUNED
82,0.8878088120482572,2026-10-02 15:24:40.708357,2026-10-02 15:25:21.990274,0 days 00:00:41.281917,,,,,200.0,0.015610185524266011,32,5,3,0.020991976246520393,64,3,2,0.03536204455422056,128,5,1,0.0115410653282079,256.0,3.0,2.0,,,,,512,0.2044351010474012,15.0,4,SGD,0.0331789358695239,0.9013225007112335,5.0591591755794225e-05,46.0,0.9087752525252525,0.8668423715712619,"{""block_0_dropout"": 0.015610185524266011, ""block_0_filters"": 32, ""block_0_kernel"": 5, ""block_1_dropout"": 0.020991976246520393, ""block_1_filters"": 64, ""block_1_kernel"": 3, ""block_1_stride"": 2, ""block_2_dropout"": 0.03536204455422056, ""block_2_filters"": 128, ""block_2_kernel"": 5, ""block_2_stride"": 1, ""n_blocks"": 4}",COMPLETE
83,0.8946876418140721,2026-10-02 15:25:22.049112,2026-10-02 15:26:03.769613,0 days 00:00:41.720501,,,,,200.0,0.01591139952048087,32,5,3,0.023401866439002758,64,3,2,0.03365912430383117,128,5,1,0.011384072200132635,256.0,3.0,2.0,,,,,512,0.19702027371749437,16.0,4,SGD,0.030861945940535252,0.9000131424581386,5.716315876274858e-05,50.0,0.9097222222222222,0.8796530614059221,"{""block_0_dropout"": 0.01591139952048087, ""block_0_filters"": 32, ""block_0_kernel"": 5, ""block_1_dropout"": 0.023401866439002758, ""block_1_filters"": 64, ""block_1_kernel"": 3, ""block_1_stride"": 2, ""block_2_dropout"": 0.03365912430383117, ""block_2_filters"": 128, ""block_2_kernel"": 5, ""block_2_stride"": 1, ""n_blocks"": 4}",COMPLETE
84,0.8853310270262427,2026-10-02 15:26:03.827784,2026-10-02 15:26:47.419719,0 days 00:00:43.591935,,,,,200.0,0.011575612758987677,32,5,3,0.017190816287410985,64,3,2,0.037259189699011035,128,5,1,0.011353243610113925,256.0,3.0,2.0,,,,,512,0.3248697299332643,16.0,4,SGD,0.027493847764912625,0.89954037738922,2.173154897877825e-06,47.0,0.9030934343434344,0.867568619709051,"{""block_0_dropout"": 0.011575612758987677, ""block_0_filters"": 32, ""block_0_kernel"": 5, ""block_1_dropout"": 0.017190816287410985, ""block_1_filters"": 64, ""block_1_kernel"": 3, ""block_1_stride"": 2, ""block_2_dropout"": 0.037259189699011035, ""block_2_filters"": 128, ""block_2_kernel"": 5, ""block_2_stride"": 1, ""n_blocks"": 4}",COMPLETE
85,0.8687893510716884,2026-10-02 15:26:47.473085,2026-10-02 15:27:27.862632,0 days 00:00:40.389547,,,,,200.0,0.014681347240024683,32,5,3,0.013842543120928924,64,3,2,0.03371522329491574,128,5,1,0.011337378907122126,256.0,3.0,2.0,,,,,512,0.23069736808453056,15.0,4,SGD,0.011797790379427306,0.8957067377551029,0.00018376629049718048,32.0,0.8933080808080808,0.8442706213352961,"{""block_0_dropout"": 0.014681347240024683, ""block_0_filters"": 32, ""block_0_kernel"": 5, ""block_1_dropout"": 0.013842543120928924, ""block_1_filters"": 64, ""block_1_kernel"": 3, ""block_1_stride"": 2, ""block_2_dropout"": 0.03371522329491574, ""block_2_filters"": 128, ""block_2_kernel"": 5, ""block_2_stride"": 1, ""n_blocks"": 4}",COMPLETE
86,0.49116772957624927,2026-10-02 15:27:27.919441,2026-10-02 15:27:36.179732,0 days 00:00:08.260291,,,,,200.0,0.017928920373432296,32,5,3,0.023667996850835666,64,3,2,0.03660569896816986,128,5,1,0.010076310945665835,256.0,3.0,2.0,,,,,256,0.25786063613370735,16.0,4,SGD,0.07463026910922747,0.8749994322768193,6.953592538451244e-05,,,,"{""block_0_dropout"": 0.017928920373432296, ""block_0_filters"": 32, ""block_0_kernel"": 5, ""block_1_dropout"": 0.023667996850835666, ""block_1_filters"": 64, ""block_1_kernel"": 3, ""block_1_stride"": 2, ""block_2_dropout"": 0.03660569896816986, ""block_2_filters"": 128, ""block_2_kernel"": 5, ""block_2_stride"": 1, ""n_blocks"": 4}",PRUNED
87,0.8783888419549103,2026-10-02 15:27:36.232777,2026-10-02 15:28:16.881272,0 days 00:00:40.648495,,,,,200.0,0.018626486188840472,32,5,3,0.02281105852580051,64,3,2,0.03313071973995817,128,5,1,0.0198925524679221,256.0,3.0,2.0,,,,,512,0.20066988453862222,15.0,4,SGD,0.022350426082517,0.8670743467402481,6.941810051469634e-06,38.0,0.9008838383838383,0.8558938455259822,"{""block_0_dropout"": 0.018626486188840472, ""block_0_filters"": 32, ""block_0_kernel"": 5, ""block_1_dropout"": 0.02281105852580051, ""block_1_filters"": 64, ""block_1_kernel"": 3, ""block_1_stride"": 2, ""block_2_dropout"": 0.03313071973995817, ""block_2_filters"": 128, ""block_2_kernel"": 5, ""block_2_stride"": 1, ""n_blocks"": 4}",COMPLETE
88,0.6285751642456869,2026-10-02 15:28:16.934785,2026-10-02 15:28:27.051209,0 days 00:00:10.116424,,,,,200.0,0.019704292526270536,32,5,3,0.02152280383715944,64,3,2,0.02527096340904979,128,5,1,0.012542808200435327,256.0,3.0,2.0,,,,,512,0.19224264036974942,14.0,4,SGD,0.032121729779097774,0.9298425324496358,3.147859809495549e-05,,,,"{""block_0_dropout"": 0.019704292526270536, ""block_0_filters"": 32, ""block_0_kernel"": 5, ""block_1_dropout"": 0.02152280383715944, ""block_1_filters"": 64, ""block_1_kernel"": 3, ""block_1_stride"": 2, ""block_2_dropout"": 0.02527096340904979, ""block_2_filters"": 128, ""block_2_kernel"": 5, ""block_2_stride"": 1, ""n_blocks"": 4}",PRUNED
89,0.3920026874997945,2026-10-02 15:28:27.109967,2026-10-02 15:28:36.213810,0 days 00:00:09.103843,,,,,200.0,0.0240362900861463,32,5,3,0.010789514777203975,64,3,2,0.03888541241468384,128,5,1,0.01395809917642918,256.0,3.0,1.0,,,,,512,0.2324173573736165,18.0,4,SGD,0.06342404446746683,0.9116625136119175,1.3114636178551508e-05,,,,"{""block_0_dropout"": 0.0240362900861463, ""block_0_filters"": 32, ""block_0_kernel"": 5, ""block_1_dropout"": 0.010789514777203975, ""block_1_filters"": 64, ""block_1_kernel"": 3, ""block_1_stride"": 2, ""block_2_dropout"": 0.03888541241468384, ""block_2_filters"": 128, ""block_2_kernel"": 5, ""block_2_stride"": 1, ""n_blocks"": 4}",PRUNED
90,0.8753899297075871,2026-10-02 15:28:36.272686,2026-10-02 15:29:17.696900,0 days 00:00:41.424214,,,,,200.0,0.016064989077554388,32,5,3,0.020509523429238216,64,3,2,0.038714121484817,128,5,1,0.017026430543515964,256.0,3.0,2.0,,,,,512,0.13468824086729392,16.0,4,SGD,0.03226394306131149,0.8877112877373485,8.801769256167916e-05,37.0,0.8974116161616161,0.8533682432535582,"{""block_0_dropout"": 0.016064989077554388, ""block_0_filters"": 32, ""block_0_kernel"": 5, ""block_1_dropout"": 0.020509523429238216, ""block_1_filters"": 64, ""block_1_kernel"": 3, ""block_1_stride"": 2, ""block_2_dropout"": 0.038714121484817, ""block_2_filters"": 128, ""block_2_kernel"": 5, ""block_2_stride"": 1, ""n_blocks"": 4}",COMPLETE
91,0.6555450036024966,2026-10-02 15:29:17.749542,2026-10-02 15:29:28.224881,0 days 00:00:10.475339,,,,,200.0,0.01556998071155748,32,5,3,0.0171916438236666,64,3,2,0.03579163106825374,128,5,1,0.012949695323552874,256.0,3.0,2.0,,,,,512,0.14705950831750786,17.0,4,SGD,0.04478161495645043,0.9150911345972345,4.989628043496678e-05,,,,"{""block_0_dropout"": 0.01556998071155748, ""block_0_filters"": 32, ""block_0_kernel"": 5, ""block_1_dropout"": 0.0171916438236666, ""block_1_filters"": 64, ""block_1_kernel"": 3, ""block_1_stride"": 2, ""block_2_dropout"": 0.03579163106825374, ""block_2_filters"": 128, ""block_2_kernel"": 5, ""block_2_stride"": 1, ""n_blocks"": 4}",PRUNED
92,0.5274772574037738,2026-10-02 15:29:28.281818,2026-10-02 15:29:36.253091,0 days 00:00:07.971273,,,,,200.0,0.02351673634369434,32,5,3,0.010150859728254653,16,3,2,0.035757184397576885,128,5,1,0.011167237736045176,256.0,3.0,2.0,,,,,512,0.18358800226316752,17.0,4,SGD,0.04427165524580206,0.9033187282902478,3.9343028673367906e-05,,,,"{""block_0_dropout"": 0.02351673634369434, ""block_0_filters"": 32, ""block_0_kernel"": 5, ""block_1_dropout"": 0.010150859728254653, ""block_1_filters"": 16, ""block_1_kernel"": 3, ""block_1_stride"": 2, ""block_2_dropout"": 0.035757184397576885, ""block_2_filters"": 128, ""block_2_kernel"": 5, ""block_2_stride"": 1, ""n_blocks"": 4}",PRUNED
93,0.5890213114856346,2026-10-02 15:29:36.311535,2026-10-02 15:29:46.326177,0 days 00:00:10.014642,,,,,200.0,0.013221496654894218,32,5,3,0.01881677409184376,64,3,2,0.0331001834710924,128,5,1,0.014681055937420261,256.0,3.0,2.0,,,,,512,0.2024386776233785,15.0,4,SGD,0.022767635210486338,0.9553308010128899,0.00014891250977847278,,,,"{""block_0_dropout"": 0.013221496654894218, ""block_0_filters"": 32, ""block_0_kernel"": 5, ""block_1_dropout"": 0.01881677409184376, ""block_1_filters"": 64, ""block_1_kernel"": 3, ""block_1_stride"": 2, ""block_2_dropout"": 0.0331001834710924, ""block_2_filters"": 128, ""block_2_kernel"": 5, ""block_2_stride"": 1, ""n_blocks"": 4}",PRUNED
94,0.4786567763646279,2026-10-02 15:29:46.381509,2026-10-02 15:29:54.496226,0 days 00:00:08.114717,,,,,200.0,0.012693587435332353,32,5,3,0.02138298103904704,64,3,2,0.039937646153751165,128,5,1,0.012300809701397429,256.0,3.0,2.0,,,,,512,0.17221082630800652,16.0,4,SGD,0.056303158962573784,0.9321494581923996,2.6963571540309006e-05,,,,"{""block_0_dropout"": 0.012693587435332353, ""block_0_filters"": 32, ""block_0_kernel"": 5, ""block_1_dropout"": 0.02138298103904704, ""block_1_filters"": 64, ""block_1_kernel"": 3, ""block_1_stride"": 2, ""block_2_dropout"": 0.039937646153751165, ""block_2_filters"": 128, ""block_2_kernel"": 5, ""block_2_stride"": 1, ""n_blocks"": 4}",PRUNED
95,0.886167690066204,2026-10-02 15:29:54.551695,2026-10-02 15:30:41.192597,0 days 00:00:46.640902,,,,,200.0,0.010900924288784147,32,5,3,0.013193037453860024,64,3,2,0.03531543090668354,128,5,1,0.017159193638058384,256.0,3.0,2.0,,,,,512,0.1311590118532088,18.0,4,SGD,0.0323879171603324,0.9194145823002895,6.814516384828052e-05,50.0,0.9065656565656566,0.8657697235667514,"{""block_0_dropout"": 0.010900924288784147, ""block_0_filters"": 32, ""block_0_kernel"": 5, ""block_1_dropout"": 0.013193037453860024, ""block_1_filters"": 64, ""block_1_kernel"": 3, ""block_1_stride"": 2, ""block_2_dropout"": 0.03531543090668354, ""block_2_filters"": 128, ""block_2_kernel"": 5, ""block_2_stride"": 1, ""n_blocks"": 4}",COMPLETE
96,0.8768358598979289,2026-10-02 15:30:41.249138,2026-10-02 15:31:23.516875,0 days 00:00:42.267737,,,,,200.0,0.011360273663981893,32,5,3,0.015208781791414949,64,3,2,0.0347402296671164,128,5,1,0.0216498532534243,256.0,3.0,2.0,,,,,256,0.10026128944384463,18.0,4,SGD,0.03074583333529654,0.8997069324353935,7.498981075782571e-05,46.0,0.9002525252525253,0.8534191945433326,"{""block_0_dropout"": 0.011360273663981893, ""block_0_filters"": 32, ""block_0_kernel"": 5, ""block_1_dropout"": 0.015208781791414949, ""block_1_filters"": 64, ""block_1_kernel"": 3, ""block_1_stride"": 2, ""block_2_dropout"": 0.0347402296671164, ""block_2_filters"": 128, ""block_2_kernel"": 5, ""block_2_stride"": 1, ""n_blocks"": 4}",COMPLETE
97,0.8780580870334462,2026-10-02 15:31:23.576739,2026-10-02 15:32:06.056929,0 days 00:00:42.480190,,,,,200.0,0.016373146089448735,32,5,3,0.01958726948681077,64,3,2,0.030002803512090913,128,5,1,0.01685991673229837,256.0,3.0,2.0,,,,,512,0.12476608204630406,12.0,4,SGD,0.02375906846018239,0.866951738696384,1.708375453078867e-05,49.0,0.8996212121212122,0.8564949619456804,"{""block_0_dropout"": 0.016373146089448735, ""block_0_filters"": 32, ""block_0_kernel"": 5, ""block_1_dropout"": 0.01958726948681077, ""block_1_filters"": 64, ""block_1_kernel"": 3, ""block_1_stride"": 2, ""block_2_dropout"": 0.030002803512090913, ""block_2_filters"": 128, ""block_2_kernel"": 5, ""block_2_stride"": 1, ""n_blocks"": 4}",COMPLETE
98,0.510942353179181,2026-10-02 15:32:06.124148,2026-10-02 15:32:15.273993,0 days 00:00:09.149845,,,,,200.0,0.016432824924536536,32,5,3,0.022455117597832128,64,3,2,0.027804583633031222,128,5,1,0.020300065702090038,256.0,3.0,2.0,,,,,512,0.2424330940823219,19.0,4,SGD,0.03682985436187341,0.9439305856692298,3.610906802695768e-05,,,,"{""block_0_dropout"": 0.016432824924536536, ""block_0_filters"": 32, ""block_0_kernel"": 5, ""block_1_dropout"": 0.022455117597832128, ""block_1_filters"": 64, ""block_1_kernel"": 3, ""block_1_stride"": 2, ""block_2_dropout"": 0.027804583633031222, ""block_2_filters"": 128, ""block_2_kernel"": 5, ""block_2_stride"": 1, ""n_blocks"": 4}",PRUNED
99,0.48682355134977473,2026-10-02 15:32:15.327432,2026-10-02 15:32:23.894773,0 days 00:00:08.567341,,,,,200.0,0.010093026524854973,32,5,3,0.022054706772866434,64,3,2,0.03242059684852801,128,5,1,0.01522983304034792,256.0,3.0,2.0,,,,,512,0.2634850019636301,20.0,4,SGD,0.09416195983715156,0.8854620816553176,5.444705319730616e-05,,,,"{""block_0_dropout"": 0.010093026524854973, ""block_0_filters"": 32, ""block_0_kernel"": 5, ""block_1_dropout"": 0.022054706772866434, ""block_1_filters"": 64, ""block_1_kernel"": 3, ""block_1_stride"": 2, ""block_2_dropout"": 0.03242059684852801, ""block_2_filters"": 128, ""block_2_kernel"": 5, ""block_2_stride"": 1, ""n_blocks"": 4}",PRUNED
