number,value,datetime_start,datetime_complete,duration,params_adam_beta1,params_adam_beta2,params_adam_lr,params_adam_wd,params_batch_size,params_block_0_dropout,params_block_0_filters,params_block_0_kernel,params_block_0_stride,params_block_1_dropout,params_block_1_filters,params_block_1_kernel,params_block_1_stride,params_block_2_dropout,params_block_2_filters,params_block_2_kernel,params_block_2_stride,params_block_3_dropout,params_block_3_filters,params_block_3_kernel,params_block_3_stride,params_block_4_dropout,params_block_4_filters,params_block_4_kernel,params_block_4_stride,params_fc_hidden,params_lr_factor,params_lr_patience,params_n_blocks,params_optimizer,params_sgd_lr,params_sgd_momentum,params_sgd_wd,user_attrs_best_epoch,user_attrs_validation_accuracy,user_attrs_validation_macro_f1,state
0,0.3701421916489621,2026-10-05 14:02:41.028859,2026-10-05 14:03:47.125172,0 days 00:01:06.096313,,,,,128.0,0.012323344486727979,8,7,3,0.017336180394137354,16,5,2,0.02465447373174767,64,3,1,0.016820964947491662,128.0,3.0,1.0,,,,,512,0.19763058787582308,12.0,4,SGD,0.00019634341572933326,0.8984275776885255,5.762487216478604e-05,48.0,0.37083333333333335,0.36945104996459094,COMPLETE
1,0.4211101287352753,2026-10-05 14:03:47.274135,2026-10-05 14:05:17.871794,0 days 00:01:30.597659,,,,,128.0,0.041005312934444586,32,5,3,0.02554709158757928,16,7,1,0.012982025747190833,64,3,1,0.04085081386743783,64.0,3.0,1.0,,,,,256,0.36014665762139764,16.0,4,SGD,0.0009833181933644897,0.7184319215829468,1.753594952976443e-05,49.0,0.425,0.41722025747055064,COMPLETE
2,0.5266860538361016,2026-10-05 14:05:18.001905,2026-10-05 14:06:19.146587,0 days 00:01:01.144682,0.9754527819892891,0.9317685471496893,0.0011986281799901185,0.0016973078532467015,200.0,0.030909313175279764,16,7,3,0.019971689165955,16,5,1,0.04232481518257668,64,3,1,,,,,,,,,256,0.18804153962214143,8.0,3,Adam,,,,48.0,0.5327380952380952,0.520634012434108,COMPLETE
3,0.6746355780741571,2026-10-05 14:06:19.279262,2026-10-05 14:08:31.299467,0 days 00:02:12.020205,0.9519502888056603,0.9367415349586534,0.003336101309469784,8.923807143379781e-06,200.0,0.04771638815650077,8,5,3,0.022035132392670787,64,5,1,0.019582475626678898,128,5,1,,,,,,,,,512,0.6058446644748636,15.0,3,Adam,,,,47.0,0.6827380952380953,0.666533060910219,COMPLETE
4,0.553952974581017,2026-10-05 14:08:31.454638,2026-10-05 14:10:06.132829,0 days 00:01:34.678191,,,,,64.0,0.03048372233197124,32,7,3,0.014538940849623563,32,3,1,0.01967409163601807,32,3,2,,,,,,,,,512,0.8096691394120938,17.0,3,SGD,0.0011159088550343414,0.9105271468723695,0.0038765111709116325,50.0,0.5595238095238095,0.5483821396382246,COMPLETE
5,,2026-10-05 14:10:06.279281,2026-10-05 14:10:06.333418,0 days 00:00:00.054137,,,,,,0.016432322056699946,8,7,3,0.035985315961888587,32,5,1,0.048920422190097824,32,3,2,0.01780971951192178,128.0,5.0,2.0,0.03581889183628671,128.0,3.0,1.0,,,,5,,,,,,,,PRUNED
6,,2026-10-05 14:10:06.475318,2026-10-05 14:10:06.520918,0 days 00:00:00.045600,,,,,,0.04713274250350902,16,7,3,0.0167797098674437,32,7,2,0.015603360609460961,64,5,1,,,,,,,,,,,,3,,,,,,,,PRUNED
7,,2026-10-05 14:10:06.661949,2026-10-05 14:10:06.709845,0 days 00:00:00.047896,,,,,,0.021743673770579737,8,7,3,0.038078675090308135,64,7,2,0.02862392072529841,64,5,2,0.015082420506075393,256.0,3.0,2.0,,,,,,,,4,,,,,,,,PRUNED
8,,2026-10-05 14:10:06.854283,2026-10-05 14:10:06.896548,0 days 00:00:00.042265,,,,,,0.03125418526272592,8,7,3,0.027558856828225446,64,7,2,0.016257481706843442,128,5,2,0.032174162100456025,256.0,5.0,2.0,,,,,,,,4,,,,,,,,PRUNED
9,,2026-10-05 14:10:07.043284,2026-10-05 14:10:07.085459,0 days 00:00:00.042175,,,,,,0.01464290562027665,8,7,3,0.016928074796400606,64,7,2,0.030125450343203505,128,5,1,0.04760920965699831,64.0,3.0,1.0,,,,,,,,4,,,,,,,,PRUNED
10,0.8563833319098901,2026-10-05 14:10:07.227509,2026-10-05 14:12:54.891053,0 days 00:02:47.663544,0.9068515559725695,0.9652028519024756,0.008094454562649891,1.1990413778055588e-06,200.0,0.047396519251223214,16,5,3,0.04780785829889703,64,3,1,0.03788623593360378,128,5,1,0.03128492670279544,64.0,5.0,2.0,0.010567689211659854,256.0,3.0,1.0,128,0.8770937470127276,5.0,5,Adam,,,,50.0,0.8672619047619048,0.8455047590578754,COMPLETE
11,0.8347801983093999,2026-10-05 14:12:55.050036,2026-10-05 14:15:45.131876,0 days 00:02:50.081840,0.9234044305725273,0.9541833898470133,0.008680399316661742,1.4211537482266188e-06,200.0,0.04997449754566205,16,5,3,0.04976482875798626,64,3,1,0.03726749621045093,128,5,1,0.02941240784789848,64.0,5.0,2.0,0.012725290807332416,256.0,3.0,1.0,128,0.8797484766742464,5.0,5,Adam,,,,49.0,0.8404761904761905,0.8290842061426094,COMPLETE
12,0.8349350574066637,2026-10-05 14:15:45.276222,2026-10-05 14:18:36.571003,0 days 00:02:51.294781,0.8842650747520039,0.9829644884150359,0.009256762816668472,1.0020121013332432e-06,200.0,0.04126429735539777,16,5,3,0.04967760384215255,64,3,1,0.03794030830388812,128,5,1,0.02886808751750585,64.0,5.0,2.0,0.010834250085608765,256.0,3.0,1.0,128,0.8946581082665175,5.0,5,Adam,,,,47.0,0.844047619047619,0.8258224957657084,COMPLETE
13,0.43805687782282,2026-10-05 14:18:36.702636,2026-10-05 14:19:11.702305,0 days 00:00:34.999669,0.8624836929647332,0.9981554800699568,0.007466393343635783,1.1645392808873212e-06,200.0,0.04042887324734776,16,5,3,0.049971055629143155,64,3,1,0.037581906674513214,128,5,1,0.028436210513169073,64.0,5.0,2.0,0.010476564507977711,256.0,3.0,1.0,128,0.7396563628835666,5.0,5,Adam,,,,,,,PRUNED
14,0.7896590920316773,2026-10-05 14:19:11.838651,2026-10-05 14:22:08.996917,0 days 00:02:57.158266,0.8829156363034194,0.9807363686906607,0.00013179982344396247,1.8666928397367735e-05,200.0,0.0400673744438435,16,5,3,0.0441744120387903,64,3,1,0.03672335505971373,128,5,1,0.03553907373527548,64.0,5.0,2.0,0.011213569359099585,512.0,3.0,1.0,128,0.6623480301363837,9.0,5,Adam,,,,49.0,0.7964285714285714,0.7828896126347832,COMPLETE
15,0.8279738859542363,2026-10-05 14:22:09.164802,2026-10-05 14:25:10.805041,0 days 00:03:01.640239,0.9021017426397014,0.966531388129982,0.003236497085884789,1.0673500349429837e-06,64.0,0.03716844621710427,16,5,3,0.04399528350105656,64,3,1,0.045589316936129505,128,5,1,0.025076200528579555,64.0,5.0,2.0,0.02431041743613676,256.0,3.0,1.0,128,0.8695603436402255,8.0,5,Adam,,,,48.0,0.8416666666666667,0.8142811052418057,COMPLETE
16,0.4176031941997318,2026-10-05 14:25:10.945021,2026-10-05 14:25:28.979346,0 days 00:00:18.034325,0.918492254667161,0.9801987044182937,0.009568767465028495,1.2477517274407184e-05,200.0,0.04425465268517182,16,5,3,0.04294817236605836,64,3,1,0.03209301070500461,32,5,1,0.021583932047031434,64.0,5.0,2.0,0.021372686217910483,256.0,3.0,1.0,128,0.5461426624765098,5.0,5,Adam,,,,,,,PRUNED
17,0.8438231341818321,2026-10-05 14:25:29.127079,2026-10-05 14:28:13.838823,0 days 00:02:44.711744,0.857978405990891,0.909691209915485,0.0027298886342351446,4.938745951938629e-06,200.0,0.03517635689193466,16,5,3,0.036134820073240564,64,3,1,0.040914745418536944,128,5,1,0.038701584914456175,64.0,5.0,2.0,0.021404414310099776,256.0,3.0,1.0,128,0.7537699875598214,10.0,5,Adam,,,,50.0,0.85,0.8376462683636641,COMPLETE
18,,2026-10-05 14:28:13.990526,2026-10-05 14:28:14.057707,0 days 00:00:00.067181,,,,,,0.035419425025027144,32,5,3,0.032678252126370114,16,3,1,0.042795086097184555,128,5,2,0.039537694277943874,256.0,5.0,1.0,0.025528317564951164,128.0,3.0,1.0,,,,5,,,,,,,,PRUNED
19,0.8464704425997137,2026-10-05 14:28:14.209575,2026-10-05 14:30:22.166326,0 days 00:02:07.956751,0.8576907654893131,0.904236063644917,0.0012109687306370652,4.444254928856299e-05,200.0,0.02427569578163709,16,5,3,0.03155972091717127,32,3,1,0.049763868400139265,128,5,1,0.010162769296756528,128.0,5.0,2.0,,,,,128,0.48177978080600037,12.0,4,Adam,,,,48.0,0.8571428571428571,0.8357980280565703,COMPLETE
20,0.3734400889508423,2026-10-05 14:30:22.307393,2026-10-05 14:30:42.094069,0 days 00:00:19.786676,,,,,64.0,0.02143876883028606,16,5,3,0.01079245353015313,32,3,1,0.04921130286471593,32,5,1,0.011823599848153165,128.0,5.0,2.0,,,,,128,0.45316022572443465,19.0,4,SGD,0.07477810443016279,0.705514521115998,0.006721745240881962,,,,PRUNED
21,0.8193331717052171,2026-10-05 14:30:42.227982,2026-10-05 14:32:51.449488,0 days 00:02:09.221506,0.8518668899691313,0.9056111768979435,0.0009265896601345207,0.00012330477771439448,200.0,0.02504153975242509,16,5,3,0.03212992068263091,32,3,1,0.04275350543039794,128,5,1,0.04941022935951693,128.0,5.0,2.0,,,,,128,0.7251460428521113,12.0,4,Adam,,,,44.0,0.8285714285714286,0.8100949148390056,COMPLETE
22,0.8426320636480884,2026-10-05 14:32:51.589362,2026-10-05 14:35:21.322734,0 days 00:02:29.733372,0.8743569285087482,0.9010672468107708,0.0010921513714980207,6.562685597990178e-05,200.0,0.025706736924002237,16,5,3,0.040080079146633356,32,3,1,0.0455687134834253,128,5,1,0.04156917666818678,128.0,5.0,2.0,0.04903191719796271,512.0,3.0,1.0,128,0.31823145239005657,12.0,5,Adam,,,,47.0,0.8505952380952381,0.8346688892009387,COMPLETE
23,0.8528590829608258,2026-10-05 14:35:21.467357,2026-10-05 14:37:43.546115,0 days 00:02:22.078758,0.8501798437630933,0.9181191308718093,0.002599886092686421,6.0612839358420665e-06,200.0,0.03328631466106441,16,5,3,0.029664425915394855,32,3,1,0.03483343172535252,128,5,1,0.03577240230697748,128.0,5.0,2.0,0.020195820113157032,256.0,3.0,1.0,128,0.5178103469648483,10.0,5,Adam,,,,49.0,0.8636904761904762,0.8420276897311754,COMPLETE
24,0.8262223266636651,2026-10-05 14:37:43.692162,2026-10-05 14:39:52.519349,0 days 00:02:08.827187,0.8956908231607827,0.9228013500568715,0.00035577969879367144,7.537947044273827e-05,128.0,0.01938026415247681,16,5,3,0.028710404857736595,32,3,1,0.032964155559628325,128,5,1,0.04513400147225334,128.0,5.0,2.0,,,,,256,0.48950616728952856,13.0,4,Adam,,,,48.0,0.8386904761904762,0.813754177136854,COMPLETE
25,0.8274239027471986,2026-10-05 14:39:52.666870,2026-10-05 14:41:57.300866,0 days 00:02:04.633996,0.8502342124036609,0.9197636894762823,0.0019692891193000186,0.0005234633008807679,200.0,0.0273477511570141,32,5,3,0.03084484405936283,32,3,1,0.02644785159992932,128,5,1,0.03350103540012836,128.0,5.0,2.0,0.017706017531390256,256.0,3.0,1.0,128,0.39617348021145404,7.0,5,Adam,,,,45.0,0.8315476190476191,0.823300186446778,COMPLETE
26,,2026-10-05 14:41:57.479515,2026-10-05 14:41:57.546067,0 days 00:00:00.066552,,,,,,0.033858500834214385,16,5,3,0.024069039075240488,32,3,2,0.03393888909082582,128,3,2,0.023297389906098927,128.0,3.0,2.0,,,,,,,,4,,,,,,,,PRUNED
27,0.5571886844286799,2026-10-05 14:41:57.688185,2026-10-05 14:43:42.643309,0 days 00:01:44.955124,0.9395071467982492,0.9494161064367521,0.00043543183384820393,3.3623495249548146e-06,200.0,0.027852992774181795,16,5,3,0.03487773908677922,32,3,1,0.045718982841976265,128,5,1,0.010109555747413089,128.0,5.0,1.0,0.0290566535935387,256.0,3.0,1.0,128,0.28058200700723485,10.0,5,Adam,,,,,,,PRUNED
28,0.4603963729298987,2026-10-05 14:43:42.792527,2026-10-05 14:44:01.159582,0 days 00:00:18.367055,0.870944830630714,0.9185653419046255,0.0045583895078081,2.793811980017031e-05,200.0,0.0236648480363515,16,5,3,0.0414014151995494,32,3,1,0.03964299939687392,32,5,1,0.02031387043758288,128.0,5.0,2.0,,,,,128,0.10806283102950798,14.0,4,Adam,,,,,,,PRUNED
29,0.5684313648434272,2026-10-05 14:44:01.300420,2026-10-05 14:44:22.286852,0 days 00:00:20.986432,0.8960349274596483,0.9434596047330943,0.0015065390886752632,5.0254802900626235e-06,128.0,0.017796005610403433,32,5,3,0.029108053049512996,16,5,2,0.022158957911959293,128,3,1,,,,,,,,,512,0.6117425889703625,10.0,3,Adam,,,,,,,PRUNED
30,0.09652675503190968,2026-10-05 14:44:22.420210,2026-10-05 14:44:51.685203,0 days 00:00:29.264993,,,,,64.0,0.04466552765883267,16,5,3,0.04644412978177976,32,5,1,0.035383801730089384,64,5,1,0.03583281343366684,256.0,5.0,2.0,0.03145307376779788,512.0,3.0,1.0,256,0.5067214069082963,7.0,5,SGD,0.06965922359337023,0.9867569523928008,2.5354279491654064e-06,,,,PRUNED
31,0.8474203836894648,2026-10-05 14:44:51.826642,2026-10-05 14:47:37.989580,0 days 00:02:46.162938,0.8573050880450448,0.9119832706589314,0.0023191747621136025,4.036734958061185e-06,200.0,0.012800814762753937,16,5,3,0.03566321859321395,64,3,1,0.041604153980789635,128,5,1,0.037997074782352244,64.0,5.0,2.0,0.01800731908695889,256.0,3.0,1.0,128,0.7624677633992991,11.0,5,Adam,,,,45.0,0.8601190476190477,0.834721719759882,COMPLETE
32,0.8515890398235524,2026-10-05 14:47:38.131892,2026-10-05 14:49:29.321613,0 days 00:01:51.189721,0.8686465784202202,0.9118141443950435,0.0006456894128126998,2.936524341377674e-06,200.0,0.010004330645200805,16,5,3,0.025600723890246053,16,3,1,0.049982657944975306,128,5,1,0.04400660208734937,64.0,5.0,2.0,0.01704107265509614,256.0,3.0,1.0,128,0.8051797268328524,11.0,5,Adam,,,,49.0,0.8589285714285714,0.8442495082185333,COMPLETE
33,0.8309363890403523,2026-10-05 14:49:29.458295,2026-10-05 14:51:20.735882,0 days 00:01:51.277587,0.8724014398770936,0.9142483070128183,0.0005687986722259532,3.2802989214757013e-06,200.0,0.012789418780514103,16,5,3,0.025466707308271455,16,3,1,0.039255490516603556,128,5,1,0.044765170378988334,64.0,5.0,2.0,0.01693970786151154,256.0,3.0,1.0,128,0.8085498124282396,11.0,5,Adam,,,,49.0,0.8488095238095238,0.8130632542711806,COMPLETE
34,0.4588153454234487,2026-10-05 14:51:20.884179,2026-10-05 14:51:41.071310,0 days 00:00:20.187131,0.868797367127756,0.9284467789144809,0.00511017614068302,3.2440260404472226e-06,200.0,0.010646036283721384,16,5,3,0.02160376993360673,16,3,1,0.030546202319872266,128,3,1,0.036888776591884026,64.0,5.0,2.0,0.01609618555273138,256.0,3.0,1.0,128,0.8053376226747776,7.0,5,Adam,,,,,,,PRUNED
35,0.4512269694674716,2026-10-05 14:51:41.220150,2026-10-05 14:52:08.510234,0 days 00:00:27.290084,0.9125571090546909,0.9117896220088882,0.00014094526510415042,8.476592161458423e-06,200.0,0.010261574035379613,16,5,3,0.02662790399189868,16,3,1,0.046848907129037415,64,5,1,0.043062781133365785,64.0,3.0,1.0,0.01701906883447369,256.0,3.0,1.0,128,0.6808813326999646,14.0,5,Adam,,,,,,,PRUNED
36,0.5681264850937562,2026-10-05 14:52:08.648325,2026-10-05 14:52:42.052579,0 days 00:00:33.404254,0.8845033105292327,0.9216341970549036,0.00021499691269782583,2.201841695164707e-06,200.0,0.014088795632125083,32,5,3,0.020182333224774397,16,5,1,0.04235776045187794,128,3,1,0.032663519969157055,64.0,5.0,2.0,0.020790038051549907,256.0,3.0,1.0,128,0.8287690211637,9.0,5,Adam,,,,,,,PRUNED
37,0.5221362664474329,2026-10-05 14:52:42.192906,2026-10-05 14:53:07.260577,0 days 00:00:25.067671,,,,,128.0,0.01513319171726217,16,5,3,0.023838992243240768,16,7,1,0.010117180968649782,128,5,2,0.038748187709746286,64.0,3.0,1.0,0.014520160214901262,128.0,3.0,1.0,512,0.7687733298322654,11.0,5,SGD,0.005923568164414008,0.8073826957175098,0.0006485507663278259,,,,PRUNED
38,0.382188467761314,2026-10-05 14:53:07.402250,2026-10-05 14:53:30.211235,0 days 00:00:22.808985,0.8634251434849076,0.9636384610194499,0.002127752149509628,0.007783597121003601,200.0,0.012336273995179007,8,7,3,0.034412580345132227,64,3,1,0.04380912704604021,64,5,1,0.042554364565603284,64.0,5.0,2.0,0.01971824456808293,256.0,3.0,1.0,128,0.6963690800174688,13.0,5,Adam,,,,,,,PRUNED
39,,2026-10-05 14:53:30.371482,2026-10-05 14:53:30.450609,0 days 00:00:00.079127,,,,,,0.017692397313985662,16,7,3,0.03968583601981713,64,5,2,0.04012387462113288,32,3,1,0.026627696340060448,64.0,3.0,2.0,0.02490991240828105,256.0,3.0,1.0,,,,5,,,,,,,,PRUNED
40,,2026-10-05 14:53:30.598603,2026-10-05 14:53:30.665934,0 days 00:00:00.067331,,,,,,0.03795347766502645,8,5,3,0.029385482677812127,16,7,1,0.035074710859978535,128,5,2,0.0322820815636212,256.0,5.0,2.0,0.014277033492791552,256.0,3.0,1.0,,,,5,,,,,,,,PRUNED
41,0.4358159788957364,2026-10-05 14:53:30.807939,2026-10-05 14:53:51.502125,0 days 00:00:20.694186,0.8515300944539282,0.9019019821778866,0.0007601694070586354,2.5282226752201803e-05,200.0,0.03133613949860505,16,5,3,0.03143406306098145,32,3,1,0.04789678059338242,128,5,1,,,,,,,,,128,0.5644038465249551,12.0,3,Adam,,,,,,,PRUNED
42,0.6623583184660129,2026-10-05 14:53:51.643683,2026-10-05 14:54:57.924342,0 days 00:01:06.280659,0.8616069594196999,0.9106180285236257,0.0015029725744969242,6.830487670775993e-06,200.0,0.029023499340233194,16,5,3,0.03764185001897109,32,3,1,0.04951317867202528,128,5,1,0.01586556106533435,128.0,5.0,2.0,,,,,128,0.8472522124001033,11.0,4,Adam,,,,,,,PRUNED
43,0.8381483759452103,2026-10-05 14:54:58.067403,2026-10-05 14:57:57.948461,0 days 00:02:59.881058,0.8775597174996126,0.9007888378297702,0.0007481751113328142,2.8363319275218953e-06,200.0,0.02060971274125451,16,5,3,0.046766492033771506,64,3,1,0.044202200152149554,128,5,1,0.04616599299050343,128.0,5.0,2.0,,,,,256,0.4300989217321716,13.0,4,Adam,,,,50.0,0.8494047619047619,0.8268919899856587,COMPLETE
44,0.4707207912857856,2026-10-05 14:57:58.087368,2026-10-05 14:58:26.600469,0 days 00:00:28.513101,0.8594223782278388,0.9263036754294435,0.005538712431449185,1.9026036984644168e-06,200.0,0.02324823339050998,16,5,3,0.03357447386594654,64,3,1,0.04997618922133531,128,5,1,,,,,,,,,128,0.6274042225730712,9.0,3,Adam,,,,,,,PRUNED
45,,2026-10-05 14:58:26.740611,2026-10-05 14:58:26.807758,0 days 00:00:00.067147,,,,,,0.04366595962093851,16,7,3,0.02643098030057152,32,3,2,0.047474289777369144,128,5,1,0.017971748688088873,128.0,5.0,2.0,0.018951082160851555,256.0,3.0,1.0,,,,5,,,,,,,,PRUNED
46,0.3286503970845802,2026-10-05 14:58:26.954266,2026-10-05 14:58:55.658587,0 days 00:00:28.704321,,,,,128.0,0.017921193969771286,8,5,3,0.024212210653257748,64,7,1,0.04130712527715026,64,5,1,0.040186081413941144,64.0,5.0,2.0,0.014855737046362503,512.0,3.0,1.0,128,0.37384949828678876,16.0,5,SGD,0.00010451237418637342,0.8054371834178015,1.149033228460804e-06,,,,PRUNED
47,0.46018095260300607,2026-10-05 14:58:55.825304,2026-10-05 14:59:52.539508,0 days 00:00:56.714204,0.8505502101995676,0.9154597516679287,0.002179505035994976,0.00026632755774300663,200.0,0.04812833725376796,16,5,3,0.018857781977439574,16,3,1,0.0271040840131709,128,5,1,0.04955496327420342,128.0,5.0,1.0,0.02277044250204217,128.0,3.0,1.0,512,0.5480390320118669,11.0,5,Adam,,,,,,,PRUNED
48,,2026-10-05 14:59:52.676740,2026-10-05 14:59:52.735800,0 days 00:00:00.059060,,,,,,0.015674382327137547,32,7,3,0.03674972864122873,64,3,1,0.03593904928387979,128,5,2,0.03741595496345377,64.0,5.0,2.0,,,,,,,,4,,,,,,,,PRUNED
49,0.4974457649584594,2026-10-05 14:59:52.876129,2026-10-05 15:00:19.843257,0 days 00:00:26.967128,0.9695997819457283,0.934308378130436,0.0015503407214613575,3.8860075899276946e-05,200.0,0.033215488973800486,16,5,3,0.030194701697144794,64,3,1,0.03851494225490183,32,5,1,0.03409759447122132,256.0,3.0,2.0,0.043833873176318566,256.0,3.0,1.0,256,0.782837580820978,14.0,5,Adam,,,,,,,PRUNED
50,0.4540891636086555,2026-10-05 15:00:20.013106,2026-10-05 15:00:38.375850,0 days 00:00:18.362744,,,,,64.0,0.013021277965571478,16,5,3,0.021941212332786956,32,3,2,0.04461215786016635,128,3,1,,,,,,,,,128,0.3087954654454423,6.0,3,SGD,0.010326905845063974,0.7977974090180242,0.00013782138409304507,,,,PRUNED
51,0.6502300879405346,2026-10-05 15:00:38.544461,2026-10-05 15:02:00.136098,0 days 00:01:21.591637,0.8604838474863266,0.9081208561903051,0.00339608579515186,4.627202153853466e-06,200.0,0.037715733372084524,16,5,3,0.035686022044950354,64,3,1,0.04091609685358871,128,5,1,0.03075966200790264,64.0,5.0,2.0,0.028424702592358957,256.0,3.0,1.0,128,0.7519562501344618,10.0,5,Adam,,,,,,,PRUNED
52,0.5037375785425834,2026-10-05 15:02:00.291795,2026-10-05 15:02:34.672402,0 days 00:00:34.380607,0.8574978055302686,0.9077097403519145,0.0025863654568227807,1.5326814740708187e-05,200.0,0.041655138729904874,16,5,3,0.02771765767625008,64,3,1,0.031178619440212312,128,5,1,0.037723022018672635,64.0,5.0,2.0,0.021345254027260875,256.0,3.0,1.0,128,0.84199480398605,10.0,5,Adam,,,,,,,PRUNED
53,0.5280792539874158,2026-10-05 15:02:34.827042,2026-10-05 15:03:16.871441,0 days 00:00:42.044399,0.8664757084001197,0.9142652106997748,0.003933517964274771,7.531699566453144e-06,200.0,0.03258114570843665,16,5,3,0.03349111794181872,64,3,1,0.03705756736777649,128,5,1,0.04061272074014495,64.0,5.0,2.0,0.018124802950296493,256.0,3.0,1.0,128,0.8916339125799085,8.0,5,Adam,,,,,,,PRUNED
54,0.32915797506797917,2026-10-05 15:03:17.027682,2026-10-05 15:03:51.712430,0 days 00:00:34.684748,0.9859906044386157,0.9073745251319554,0.002708526385075673,2.3589502633731247e-06,200.0,0.03530184374221197,16,5,3,0.0398060824025476,64,3,1,0.034233018082636,128,5,1,0.03469517339325578,64.0,5.0,2.0,0.013711296833995704,256.0,3.0,1.0,128,0.6948185967523728,9.0,5,Adam,,,,,,,PRUNED
55,0.7359779799182684,2026-10-05 15:03:51.873259,2026-10-05 15:05:34.715780,0 days 00:01:42.842521,0.937970791927288,0.9314809415503958,0.001215889287821437,4.658022320764826e-06,200.0,0.02909874150286004,16,5,3,0.038202109054485824,64,3,1,0.04801172934992583,128,5,1,0.043749285886989654,64.0,5.0,2.0,0.0235183997137796,128.0,3.0,1.0,128,0.729127724332583,12.0,5,Adam,,,,,,,PRUNED
56,0.44552929528085616,2026-10-05 15:05:34.888914,2026-10-05 15:06:08.997811,0 days 00:00:34.108897,0.879655146598557,0.9409700116382079,0.006526794882757228,1.6669965530607104e-06,200.0,0.04576921027219075,16,5,3,0.046426455820849526,64,3,1,0.041558822705936534,128,5,1,0.04708309064562709,64.0,5.0,2.0,0.027559181830598127,256.0,3.0,1.0,128,0.7834725862741481,11.0,5,Adam,,,,,,,PRUNED
57,0.5911390214997643,2026-10-05 15:06:09.142277,2026-10-05 15:07:01.845454,0 days 00:00:52.703177,0.8596655730939996,0.9165778757669907,0.0017647630949216093,1.0986168326595487e-05,200.0,0.011307038796397292,8,5,3,0.03199156299655421,32,7,1,0.04638904359655964,128,5,1,0.03883362703698355,64.0,5.0,2.0,0.012540963261067347,256.0,3.0,1.0,512,0.8644728918991098,18.0,5,Adam,,,,,,,PRUNED
58,,2026-10-05 15:07:01.984277,2026-10-05 15:07:02.042394,0 days 00:00:00.058117,,,,,,0.042226998669037785,16,5,3,0.014254537579296657,64,3,1,0.038497180048439605,128,5,2,0.03002774692502844,128.0,5.0,2.0,,,,,,,,4,,,,,,,,PRUNED
59,0.4455489210230471,2026-10-05 15:07:02.175370,2026-10-05 15:07:23.175722,0 days 00:00:21.000352,0.8912691678536439,0.9888019163932509,0.00282273270332907,6.063615166679527e-06,64.0,0.04923792886228544,16,7,3,0.027921320885929336,32,5,1,0.04327805516461195,32,5,1,0.014189426073829038,64.0,5.0,2.0,0.010083852813297574,256.0,3.0,1.0,128,0.6417222200183369,15.0,5,Adam,,,,,,,PRUNED
60,0.499078045286203,2026-10-05 15:07:23.314942,2026-10-05 15:08:43.527323,0 days 00:01:20.212381,0.9087060822486447,0.9256957831569383,0.0012486143827381898,1.0267500426192295e-06,200.0,0.03905327639081543,32,5,3,0.03043606526096525,16,3,1,0.02873707881446734,128,5,1,0.02723321395450537,256.0,5.0,1.0,0.019534696901895198,256.0,3.0,1.0,128,0.5808873380098936,8.0,5,Adam,,,,,,,PRUNED
61,0.8375536514102644,2026-10-05 15:08:43.665661,2026-10-05 15:11:10.622735,0 days 00:02:26.957074,0.8725669592016831,0.900072329287928,0.0009319862784358543,7.74727688140744e-05,200.0,0.026592809962199957,16,5,3,0.04188846939645993,32,3,1,0.04503064773246483,128,5,1,0.041468564085565145,128.0,5.0,2.0,0.04781919876429612,512.0,3.0,1.0,128,0.2992974803607458,12.0,5,Adam,,,,50.0,0.8446428571428571,0.8304644456776715,COMPLETE
62,0.8609519014668554,2026-10-05 15:11:10.784393,2026-10-05 15:13:39.150609,0 days 00:02:28.366216,0.8564596851609382,0.9047390381612336,0.000979715225416234,4.699170333326675e-05,200.0,0.019729704449225463,16,5,3,0.036215662697154496,32,3,1,0.048480702200761436,128,5,1,0.04140645302215928,128.0,5.0,2.0,0.036122950194445794,512.0,3.0,1.0,128,0.20464753227054122,12.0,5,Adam,,,,46.0,0.8732142857142857,0.8486895172194252,COMPLETE
63,0.8556409948867717,2026-10-05 15:13:39.303027,2026-10-05 15:16:02.786149,0 days 00:02:23.483122,0.8560781844216173,0.9055154146600738,0.0006248644020453727,0.00017670601092202682,200.0,0.0204464756289823,16,5,3,0.03587982505463955,32,3,1,0.047685561722319594,128,5,1,0.03585635808669127,128.0,5.0,2.0,0.038111826725492216,512.0,3.0,1.0,128,0.15123059821625467,13.0,5,Adam,,,,44.0,0.8678571428571429,0.8434248469164005,COMPLETE
64,0.8439085480790738,2026-10-05 15:16:02.918442,2026-10-05 15:18:23.442682,0 days 00:02:20.524240,0.8542873964843612,0.9689909624925453,0.0004987018235455118,0.0003358723623030083,200.0,0.019329992948588132,16,5,3,0.03855099138081699,32,3,1,0.04847777609833169,128,5,1,0.03655135969893752,128.0,5.0,2.0,0.038257972375800135,512.0,3.0,1.0,128,0.20468855695198027,13.0,5,Adam,,,,48.0,0.8553571428571428,0.8324599533010048,COMPLETE
65,0.8308363043845336,2026-10-05 15:18:23.577617,2026-10-05 15:20:47.190706,0 days 00:02:23.613089,0.8676825637673757,0.9051550866328157,0.0006876976881608202,0.0008354163495527531,200.0,0.023652502927636262,16,5,3,0.034922246303914266,32,3,1,0.04655184642103066,128,5,1,0.03545931062949345,128.0,5.0,2.0,0.0392805456571747,512.0,3.0,1.0,128,0.11520516080868656,12.0,5,Adam,,,,43.0,0.843452380952381,0.8182202278166862,COMPLETE
66,,2026-10-05 15:20:47.325676,2026-10-05 15:20:47.399486,0 days 00:00:00.073810,,,,,,0.01391926575019365,16,5,3,0.033102417559317886,32,3,2,0.04886133846650405,64,5,1,0.04166829408063302,128.0,5.0,2.0,0.034269912074438684,512.0,3.0,1.0,,,,5,,,,,,,,PRUNED
67,0.6162749616298606,2026-10-05 15:20:47.536330,2026-10-05 15:21:46.851587,0 days 00:00:59.315257,0.9283858590772186,0.9042977776897374,0.0009641340839302379,0.0001713321325401684,200.0,0.016869837208126397,16,5,3,0.036981870692915926,32,3,1,0.047017041749893906,128,5,1,0.044807824416030574,128.0,5.0,2.0,0.04174840732654038,512.0,3.0,1.0,128,0.1646228047678181,14.0,5,Adam,,,,,,,PRUNED
68,0.8658355288197809,2026-10-05 15:21:46.988737,2026-10-05 15:24:11.862334,0 days 00:02:24.873597,0.8650482324838124,0.9589454291416608,0.00042169978186913025,5.720898951665875e-05,128.0,0.01952752797911809,16,5,3,0.02524432742347403,32,3,1,0.04536566025342031,128,3,1,0.03979378597944231,128.0,5.0,2.0,0.03579746151464138,512.0,3.0,1.0,128,0.25888016663971525,15.0,5,Adam,,,,44.0,0.8785714285714286,0.8530996290681332,COMPLETE
69,0.5797145649349051,2026-10-05 15:24:12.009434,2026-10-05 15:24:51.975639,0 days 00:00:39.966205,0.8867551375918378,0.9599877683398793,0.00030000688479873207,0.00011574775082451934,128.0,0.022376785798277114,16,5,3,0.022963301527313615,32,3,1,0.04546338416237097,128,3,1,0.039413034716981876,128.0,3.0,2.0,0.03391843409677495,512.0,3.0,1.0,128,0.23725659094050827,16.0,5,Adam,,,,,,,PRUNED
70,,2026-10-05 15:24:52.107096,2026-10-05 15:24:52.179601,0 days 00:00:00.072505,,,,,,0.021077275707102265,16,5,3,0.025554697258892187,32,5,1,0.042492743637876695,128,3,2,0.030835893923721255,128.0,5.0,2.0,0.03850417014415328,512.0,3.0,1.0,,,,5,,,,,,,,PRUNED
71,0.8390664473358733,2026-10-05 15:24:52.314690,2026-10-05 15:27:07.414628,0 days 00:02:15.099938,0.8556183402435368,0.9557077560180182,0.0006007544192639022,3.67690251323184e-05,128.0,0.01914722774210048,16,5,3,0.029314465717763447,32,3,1,0.04979274697376495,128,3,1,0.03814665183625212,128.0,5.0,2.0,0.03591546097576989,512.0,3.0,1.0,128,0.15819196178131184,15.0,5,Adam,,,,44.0,0.8505952380952381,0.8275376565765086,COMPLETE
72,0.8419270171313686,2026-10-05 15:27:07.550773,2026-10-05 15:29:22.560977,0 days 00:02:15.010204,0.8646872909378213,0.9678739125022163,0.00033334671105247064,5.739162919868259e-05,128.0,0.025062853184116177,16,5,3,0.02697693122557713,32,3,1,0.04800350700685081,128,3,1,0.04327067867090034,128.0,5.0,2.0,0.04106624154671918,512.0,3.0,1.0,128,0.2462810469008572,20.0,5,Adam,,,,45.0,0.8529761904761904,0.8308778437865468,COMPLETE
73,0.8568979666152902,2026-10-05 15:29:22.695575,2026-10-05 15:31:44.213880,0 days 00:02:21.518305,0.8556035900584948,0.9708878819959642,0.0007831536543373177,0.0001349511868885387,128.0,0.01662829955398323,16,5,3,0.025039139534251693,32,3,1,0.04390725220013284,128,3,1,0.04004132612802619,128.0,5.0,2.0,0.031414859844804036,512.0,3.0,1.0,128,0.20675662563035357,13.0,5,Adam,,,,50.0,0.8696428571428572,0.8441530760877232,COMPLETE
74,0.8551991709790989,2026-10-05 15:31:44.347174,2026-10-05 15:34:07.394050,0 days 00:02:23.046876,0.8650728888516337,0.97313978182954,0.00044768128414499227,0.00015840258536374752,128.0,0.016472031430224503,16,5,3,0.0196362596386148,32,3,1,0.04401322470208892,128,3,1,0.03577089772156174,128.0,5.0,2.0,0.03096222523113162,512.0,3.0,1.0,128,0.2000813610957394,15.0,5,Adam,,,,44.0,0.8660714285714286,0.8443269133867691,COMPLETE
75,0.8643098030721155,2026-10-05 15:34:07.527904,2026-10-05 15:36:32.011787,0 days 00:02:24.483883,0.8771223713142344,0.975953525000313,0.0004271188114334633,0.00017929480191578644,128.0,0.016424748647265244,16,5,3,0.015889089376943426,32,3,1,0.04353050234285795,128,3,1,0.035638151861717454,128.0,5.0,2.0,0.03152641067341631,512.0,3.0,1.0,256,0.20826443070582948,15.0,5,Adam,,,,50.0,0.8767857142857143,0.8518338918585167,COMPLETE
76,0.45909947857031735,2026-10-05 15:36:32.163059,2026-10-05 15:36:59.362558,0 days 00:00:27.199499,,,,,128.0,0.019991823188467372,16,5,3,0.015362579324397569,32,3,1,0.043930241852689206,128,3,1,0.03356866003959828,128.0,5.0,2.0,0.031167896966285018,512.0,3.0,1.0,256,0.2083157157005929,17.0,5,SGD,0.008093753502325366,0.9812685509429896,9.633781180578252e-06,,,,PRUNED
77,0.5320019958884037,2026-10-05 15:36:59.511126,2026-10-05 15:37:48.159632,0 days 00:00:48.648506,0.8763571240980343,0.9748831710338302,0.0004383414710134862,0.0002043693089549539,128.0,0.016226094614134007,32,5,3,0.01233968825058656,32,7,1,0.040164772123766145,32,3,1,0.03606598027923934,128.0,5.0,1.0,0.03157654252856342,512.0,3.0,1.0,256,0.13954286452639286,16.0,5,Adam,,,,,,,PRUNED
78,0.8537283741672828,2026-10-05 15:37:48.302337,2026-10-05 15:39:56.347821,0 days 00:02:08.045484,0.8500866087870063,0.987690388185821,0.0002614338437293552,0.0001014499701041143,128.0,0.018401830118580664,8,5,3,0.018183261781754074,32,3,1,0.045781687789313665,128,3,1,0.035073244220777414,128.0,5.0,2.0,0.036515189577989896,512.0,3.0,1.0,256,0.23781209081904875,15.0,5,Adam,,,,42.0,0.8690476190476191,0.8384091292869466,COMPLETE
79,0.8515188118010053,2026-10-05 15:39:56.490307,2026-10-05 15:41:59.911713,0 days 00:02:03.421406,0.8648639263284005,0.9858306417695751,0.00023653002655068777,0.00011233226109337253,128.0,0.018012677957146922,8,7,3,0.018045734235835612,32,3,1,0.04573668441257502,128,3,1,0.03482783167212896,128.0,5.0,2.0,0.03643727834071825,512.0,3.0,1.0,256,0.24733428283249265,15.0,5,Adam,,,,47.0,0.8636904761904762,0.8393471474115344,COMPLETE
80,,2026-10-05 15:42:00.046475,2026-10-05 15:42:00.127636,0 days 00:00:00.081161,,,,,,0.022080084003601806,8,5,3,0.020538976432844618,32,3,2,0.04316505876269043,64,3,1,0.031981303687286654,128.0,5.0,2.0,0.03415503176280982,512.0,3.0,1.0,,,,5,,,,,,,,PRUNED
81,0.8559609135314823,2026-10-05 15:42:00.270594,2026-10-05 15:44:10.382365,0 days 00:02:10.111771,0.8501196542569802,0.9947376903960711,0.00041133854855750283,0.00037964636723228357,128.0,0.015119235790593273,8,5,3,0.018714690400522455,32,3,1,0.04452372261961271,128,3,1,0.03667530827636023,128.0,5.0,2.0,0.03703404649020124,512.0,3.0,1.0,256,0.18578594757041453,14.0,5,Adam,,,,46.0,0.8726190476190476,0.8393027794439168,COMPLETE
82,0.8495480761684788,2026-10-05 15:44:10.534925,2026-10-05 15:46:19.969151,0 days 00:02:09.434226,0.8537917620189149,0.9970183386339013,0.00039139287880592496,0.00046997574566785035,128.0,0.01672896759638102,8,5,3,0.01662440213160803,32,3,1,0.044927378402988244,128,3,1,0.037269507072042345,128.0,5.0,2.0,0.0369072883400217,512.0,3.0,1.0,256,0.18398480955013427,15.0,5,Adam,,,,47.0,0.8654761904761905,0.8336199618607673,COMPLETE
83,0.8570909464785421,2026-10-05 15:46:20.122495,2026-10-05 15:48:21.343628,0 days 00:02:01.221133,0.8560466565133833,0.976963190467729,0.0002781069125208168,0.00015320410090164326,128.0,0.014860223531940109,8,5,3,0.016086409600849425,32,3,1,0.04634354376993706,128,3,1,0.039943239457033215,128.0,5.0,2.0,0.03183503119515464,512.0,3.0,1.0,256,0.22676668693387697,17.0,5,Adam,,,,43.0,0.8708333333333333,0.843348559623751,COMPLETE
84,0.8548326195321383,2026-10-05 15:48:21.486370,2026-10-05 15:50:23.504576,0 days 00:02:02.018206,0.8613977721781478,0.9743706006514298,0.0005085412706907368,0.00015635854390714355,128.0,0.014620878415691079,8,5,3,0.013051638316670722,32,3,1,0.04703728152641182,128,3,1,0.039812354929827105,128.0,5.0,2.0,0.03296787142271244,512.0,3.0,1.0,256,0.26694197156931804,17.0,5,Adam,,,,49.0,0.8708333333333333,0.8388319057309434,COMPLETE
85,0.7288644432794222,2026-10-05 15:50:23.636758,2026-10-05 15:51:26.202992,0 days 00:01:02.566234,0.8721384153933067,0.9749289529111839,0.0002010609689279099,0.0003001398104392943,128.0,0.015651857542825817,8,5,3,0.015882473188208623,32,3,1,0.04388419820039728,128,3,1,0.041999620350176764,128.0,5.0,2.0,0.029885297622468738,512.0,3.0,1.0,256,0.13712874978087158,18.0,5,Adam,,,,,,,PRUNED
86,0.5441421146750902,2026-10-05 15:51:26.336109,2026-10-05 15:51:54.979124,0 days 00:00:28.643015,0.8568951090864407,0.9793086676735627,0.0004169299115445829,0.0009169882175278527,128.0,0.017276378210035928,8,5,3,0.018891175676562722,32,3,1,0.04245964332171316,128,3,1,0.03970880908171626,128.0,3.0,2.0,0.03248783533588668,512.0,3.0,1.0,256,0.1908316167924608,13.0,5,Adam,,,,,,,PRUNED
87,0.861277813933558,2026-10-05 15:51:55.111796,2026-10-05 15:53:55.055915,0 days 00:01:59.944119,0.8646018290517542,0.9930328213894017,0.00030487444387214836,0.0002013360584948781,128.0,0.013653580200693094,8,5,3,0.010555603073498608,32,3,1,0.044608689224548824,128,3,1,0.03272262179482835,128.0,5.0,2.0,0.029873608110952517,512.0,3.0,1.0,256,0.2181828131988905,14.0,5,Adam,,,,48.0,0.8767857142857143,0.8457699135814016,COMPLETE
88,,2026-10-05 15:53:55.188335,2026-10-05 15:53:55.268407,0 days 00:00:00.080072,,,,,,0.011592859728204206,8,5,3,0.010911732922037239,32,3,1,0.04638765171773762,128,3,2,0.032921444592806014,128.0,5.0,2.0,0.026798615518528378,512.0,3.0,1.0,,,,5,,,,,,,,PRUNED
89,0.520385068305842,2026-10-05 15:53:55.400920,2026-10-05 15:55:01.415585,0 days 00:01:06.014665,0.8552011840846139,0.9949282490041128,0.0003183947788384172,0.00040196009125036456,128.0,0.01370309916192585,8,5,3,0.013757402714438045,32,5,1,0.017631688900287275,128,3,1,0.040701451531420275,128.0,5.0,1.0,0.040331609542007534,512.0,3.0,1.0,256,0.34719801520526955,14.0,5,Adam,,,,,,,PRUNED
90,0.4130796346859929,2026-10-05 15:55:01.550832,2026-10-05 15:55:27.039527,0 days 00:00:25.488695,,,,,128.0,0.020691013271734886,8,5,3,0.012326431338089775,32,3,1,0.041841008061151014,128,3,1,0.028236545059233946,128.0,5.0,2.0,0.03463465102673353,512.0,3.0,1.0,256,0.22189592202783162,14.0,5,SGD,0.000524619934811189,0.8780473971636866,0.0005608658344912673,,,,PRUNED
91,0.837679117889176,2026-10-05 15:55:27.175429,2026-10-05 15:57:34.823663,0 days 00:02:07.648234,0.8648056762999192,0.9938351886546609,0.00017390873485634688,0.0002262643722959614,128.0,0.014990811837446896,8,5,3,0.01010731152114846,32,3,1,0.044310871416101544,128,3,1,0.03161692582481043,128.0,5.0,2.0,0.030348826557158683,512.0,3.0,1.0,256,0.1719685192501453,17.0,5,Adam,,,,49.0,0.8547619047619047,0.8205963310164474,COMPLETE
92,0.8492608471128665,2026-10-05 15:57:34.956430,2026-10-05 15:59:41.510181,0 days 00:02:06.553751,0.8809688521966964,0.970765523432835,0.0002699518822632983,0.0001504326545756637,128.0,0.01632429455134589,8,5,3,0.01719578698379165,32,3,1,0.048675485045299796,128,3,1,0.03658251516900394,128.0,5.0,2.0,0.03251528202414232,512.0,3.0,1.0,256,0.26919349193292313,14.0,5,Adam,,,,48.0,0.8642857142857143,0.8342359799400187,COMPLETE
93,0.8707404272285071,2026-10-05 15:59:41.644142,2026-10-05 16:01:47.475890,0 days 00:02:05.831748,0.8684988918771086,0.9808334393150603,0.0005344402558837688,0.0007310983231101877,128.0,0.018951113229207367,8,5,3,0.020628646434735293,32,3,1,0.04769412612073563,128,3,1,0.034372827971215436,128.0,5.0,2.0,0.037970343384113585,512.0,3.0,1.0,256,0.21467897879705375,13.0,5,Adam,,,,50.0,0.888095238095238,0.8533856163617761,COMPLETE
94,0.7822526435965116,2026-10-05 16:01:47.611638,2026-10-05 16:03:24.210182,0 days 00:01:36.598544,0.8718476737119017,0.9779697305590794,0.0003743391377241772,0.002488475605850955,128.0,0.01153192128319263,8,5,3,0.04773843396965007,32,3,1,0.047957144831067756,128,3,1,0.034156811880691085,128.0,5.0,2.0,0.03771318590021114,512.0,3.0,1.0,256,0.1434331188382349,13.0,5,Adam,,,,,,,PRUNED
95,0.7991706745476566,2026-10-05 16:03:24.349777,2026-10-05 16:04:55.865420,0 days 00:01:31.515643,0.8591978401681276,0.9831874357063075,0.0005260829031895107,0.0006707752222657502,128.0,0.019231372311115474,8,5,3,0.020973988253914985,32,3,1,0.0459955804718618,128,3,1,0.03879575315856604,128.0,5.0,2.0,0.03970781927386116,128.0,3.0,1.0,256,0.22080363399447958,13.0,5,Adam,,,,,,,PRUNED
96,0.8445744314505265,2026-10-05 16:04:56.017526,2026-10-05 16:07:48.631031,0 days 00:02:52.613505,0.8687630101951217,0.96358951600032,0.0007319031709974603,8.669662511270724e-05,128.0,0.018720291236240545,8,7,3,0.015730619509766126,32,7,1,0.04502488188880051,128,3,1,0.03320417231281534,256.0,5.0,2.0,0.03549769652594565,512.0,3.0,1.0,256,0.10301860749410893,13.0,5,Adam,,,,50.0,0.8571428571428571,0.8320060057581958,COMPLETE
97,,2026-10-05 16:07:48.766749,2026-10-05 16:07:48.847940,0 days 00:00:00.081191,,,,,,0.020038368695288376,8,5,3,0.023239210459163703,32,3,2,0.04732810761735143,32,3,1,0.0379773522305639,128.0,5.0,2.0,0.04237837323462011,512.0,3.0,1.0,,,,5,,,,,,,,PRUNED
98,0.5235228666714447,2026-10-05 16:07:48.998866,2026-10-05 16:08:13.795480,0 days 00:00:24.796614,0.904804011426622,0.9824889395653182,0.00035689023319921125,0.0002342877055575932,128.0,0.01336894110908344,8,5,3,0.04414521367661052,32,3,1,0.04320655416480798,128,3,1,0.030263778188990863,128.0,3.0,2.0,0.03528316480468668,512.0,3.0,1.0,256,0.17836320925022747,14.0,5,Adam,,,,,,,PRUNED
99,0.5464204959141081,2026-10-05 16:08:13.951596,2026-10-05 16:08:34.028836,0 days 00:00:20.077240,0.9217001997432815,0.99019653014018,0.0005813333394402017,0.0005521779212511053,128.0,0.014500200846809053,8,5,3,0.02471431640994741,32,3,1,0.04077790074377577,64,3,1,0.03151784377032337,128.0,5.0,2.0,0.04356527459333322,512.0,3.0,1.0,512,0.33425066226699723,16.0,5,Adam,,,,,,,PRUNED
