number,value,datetime_start,datetime_complete,duration,params_adam_beta1,params_adam_beta2,params_adam_lr,params_adam_wd,params_batch_size,params_block_0_filters,params_block_0_kernel_pair,params_block_1_filters,params_block_1_kernel_pair,params_block_2_filters,params_block_2_kernel_pair,params_lr_decay,params_lr_step_size,params_n_blocks,params_optimizer,params_sgd_lr,params_sgd_momentum,params_sgd_wd,user_attrs_best_epoch,user_attrs_validation_accuracy,user_attrs_validation_macro_f1,state
0,0.6626525958176911,2026-10-05 13:13:14.714331,2026-10-05 13:13:21.601410,0 days 00:00:06.887079,0.8907720796277259,0.9611241041827657,0.0011207606211860567,5.34293726127978e-05,200,8,"(5, 7)",64.0,"(3, 5)",,,0.1814650918408482,14,2,Adam,,,,38.0,0.6630434782608695,0.6622617133745127,COMPLETE
1,0.5569255824119983,2026-10-05 13:13:21.744860,2026-10-05 13:13:53.301843,0 days 00:00:31.556983,0.8936395506525175,0.9519547953156633,0.00032927591344236165,0.0004467752817973908,64,32,"(5, 7)",8.0,"(5, 7)",,,0.13318450498648718,26,2,Adam,,,,50.0,0.5543478260869565,0.5595033387370402,COMPLETE
2,0.22335624131470264,2026-10-05 13:13:53.455518,2026-10-05 13:14:25.292294,0 days 00:00:31.836776,,,,,64,8,"(3, 7)",8.0,"(3, 7)",,,0.3780532256184443,31,2,SGD,0.00039459088111000007,0.7016014139658446,0.0018274508859816032,50.0,0.24818840579710144,0.19852407683230383,COMPLETE
3,0.7175177267536657,2026-10-05 13:14:25.445759,2026-10-05 13:14:34.703134,0 days 00:00:09.257375,0.9074536092249882,0.9754795587404506,0.006533305220227739,9.935023909063694e-06,200,8,"(3, 7)",8.0,"(5, 7)",16.0,"(5, 7)",0.08464095942295685,17,3,Adam,,,,49.0,0.7155797101449275,0.7194557433624037,COMPLETE
4,0.3620746286739791,2026-10-05 13:14:34.848147,2026-10-05 13:14:41.331753,0 days 00:00:06.483606,,,,,256,64,"(5, 7)",64.0,"(3, 7)",,,0.19544131940933984,39,2,SGD,0.00046379219034580355,0.734760956526768,2.2410971619109514e-05,31.0,0.36594202898550726,0.358207228362451,COMPLETE
5,0.277816492255356,2026-10-05 13:14:41.475276,2026-10-05 13:14:45.275718,0 days 00:00:03.800442,,,,,128,16,"(3, 7)",32.0,"(5, 7)",32.0,"(3, 5)",0.06834881369964377,15,3,SGD,0.00018658181360124853,0.942237723720879,1.91920011015619e-05,,,,PRUNED
6,0.46047146041486164,2026-10-05 13:14:45.428297,2026-10-05 13:14:46.736932,0 days 00:00:01.308635,0.942397766444785,0.9816404978001014,0.005684322462212271,1.0758866306767913e-05,256,32,"(3, 5)",,,,,0.28834276026020295,27,1,Adam,,,,,,,PRUNED
7,0.7882761589377054,2026-10-05 13:14:46.879662,2026-10-05 13:14:53.238842,0 days 00:00:06.359180,0.941274576330364,0.92240450401511,0.0012516058337570376,0.0005855726588796257,256,64,"(3, 5)",32.0,"(5, 7)",,,0.15676208937356004,32,2,Adam,,,,48.0,0.7807971014492754,0.7957552164261354,COMPLETE
8,0.09889711444850317,2026-10-05 13:14:53.380903,2026-10-05 13:14:54.553349,0 days 00:00:01.172446,,,,,256,8,"(3, 7)",8.0,"(3, 5)",,,0.4792678596511643,39,2,SGD,0.00011828996391101285,0.8871869658130787,5.110256715654393e-06,,,,PRUNED
9,0.37658637986746146,2026-10-05 13:14:54.695921,2026-10-05 13:14:55.821590,0 days 00:00:01.125669,,,,,256,8,"(3, 7)",32.0,"(5, 7)",,,0.36611783779419915,31,2,SGD,0.003589128083678789,0.9544381908591071,0.0009184900818511545,,,,PRUNED
10,0.34119805012530424,2026-10-05 13:14:55.965295,2026-10-05 13:14:57.357454,0 days 00:00:01.392159,0.9843679044323588,0.9016745065369487,0.00011695680465873889,0.00427227481622679,128,64,"(3, 5)",,,,,0.4965631994571517,21,1,Adam,,,,,,,PRUNED
11,0.7831848188316134,2026-10-05 13:14:57.503391,2026-10-05 13:15:07.296410,0 days 00:00:09.793019,0.9291113036283782,0.9137520552784373,0.008062496199691363,2.45154926944879e-06,200,64,"(3, 5)",16.0,"(5, 7)",16.0,"(5, 7)",0.06571336538783236,11,3,Adam,,,,44.0,0.7753623188405797,0.7910073188226471,COMPLETE
12,0.8081203441870977,2026-10-05 13:15:07.442663,2026-10-05 13:15:17.232198,0 days 00:00:09.789535,0.9359375284814061,0.9161185539332128,0.0019805966500953624,1.4922793084343676e-06,200,64,"(3, 5)",16.0,"(5, 7)",64.0,"(3, 7)",0.21780567851349186,11,3,Adam,,,,43.0,0.8061594202898551,0.8100812680843401,COMPLETE
13,0.8544603746738795,2026-10-05 13:15:17.382099,2026-10-05 13:15:27.238715,0 days 00:00:09.856616,0.9588435823568012,0.9285734785659082,0.0014745800867614523,0.008525986234166632,200,64,"(3, 5)",16.0,"(5, 7)",64.0,"(3, 7)",0.23398832820347587,20,3,Adam,,,,48.0,0.8568840579710145,0.8520366913767445,COMPLETE
14,0.8617347446508125,2026-10-05 13:15:27.386187,2026-10-05 13:15:37.229300,0 days 00:00:09.843113,0.9777565471619074,0.9347077062675608,0.0016516444441349292,0.005663330360145495,200,64,"(3, 5)",16.0,"(5, 7)",64.0,"(3, 7)",0.2524346645276019,20,3,Adam,,,,46.0,0.8623188405797102,0.8611506487219147,COMPLETE
15,0.8483932886634378,2026-10-05 13:15:37.375024,2026-10-05 13:15:46.980091,0 days 00:00:09.605067,0.9864088573678576,0.9397023632102846,0.0025416230168496166,0.008625921594816267,200,16,"(3, 5)",16.0,"(5, 7)",64.0,"(3, 7)",0.2677456823024902,22,3,Adam,,,,45.0,0.8496376811594203,0.8471488961674553,COMPLETE
16,0.794475081985953,2026-10-05 13:15:47.123715,2026-10-05 13:15:56.625353,0 days 00:00:09.501638,0.9633748451379271,0.9362131405678464,0.0005452479651235387,0.0020245245796914825,200,64,"(3, 5)",16.0,"(3, 7)",64.0,"(3, 7)",0.2705109674290793,20,3,Adam,,,,50.0,0.7934782608695652,0.7954719031023408,COMPLETE
17,0.6057104895895322,2026-10-05 13:15:56.770876,2026-10-05 13:15:59.131337,0 days 00:00:02.360461,0.9646175176924592,0.9358530380323666,0.00341238984344947,0.0011305193846066774,200,64,"(3, 5)",16.0,"(3, 5)",8.0,"(3, 7)",0.3485917304107228,25,3,Adam,,,,,,,PRUNED
18,0.8299631204609755,2026-10-05 13:15:59.276884,2026-10-05 13:16:08.958944,0 days 00:00:09.682060,0.8532024120947369,0.9998414080593598,0.0008362834679684716,0.00020867372120342439,200,64,"(3, 5)",16.0,"(5, 7)",64.0,"(3, 7)",0.3227014924540389,18,3,Adam,,,,50.0,0.8278985507246377,0.8320276901973134,COMPLETE
19,0.5790361819769929,2026-10-05 13:16:09.105116,2026-10-05 13:16:12.427537,0 days 00:00:03.322421,0.9572542345350198,0.9282231283731439,0.0003763072641141169,0.009975834759411994,128,16,"(3, 5)",16.0,"(5, 7)",64.0,"(3, 5)",0.4315189900386721,23,3,Adam,,,,,,,PRUNED
20,0.7382675521497166,2026-10-05 13:16:12.576772,2026-10-05 13:16:36.229594,0 days 00:00:23.652822,0.9696016225536224,0.9508024485684475,0.002207099048728947,0.0025899463901557225,64,32,"(5, 7)",16.0,"(3, 5)",8.0,"(3, 7)",0.24000120310387785,18,3,Adam,,,,,,,PRUNED
21,0.5328386386246711,2026-10-05 13:16:36.383044,2026-10-05 13:16:38.466681,0 days 00:00:02.083637,0.9876783944108376,0.9443158660983515,0.0029025106168862843,0.008557257170774855,200,16,"(3, 5)",16.0,"(5, 7)",64.0,"(3, 7)",0.25688396922819773,22,3,Adam,,,,,,,PRUNED
22,0.880558378474888,2026-10-05 13:16:38.614158,2026-10-05 13:16:48.328994,0 days 00:00:09.714836,0.9842443228741954,0.9326523571641763,0.0016112753811775968,0.00400843330368107,200,16,"(3, 5)",16.0,"(5, 7)",64.0,"(3, 7)",0.3080316950352714,28,3,Adam,,,,37.0,0.8786231884057971,0.8824935685439789,COMPLETE
23,0.8444834001904737,2026-10-05 13:16:48.476213,2026-10-05 13:16:58.032315,0 days 00:00:09.556102,0.9713114083182057,0.9264638918076777,0.001438440611780843,0.003313205310744204,200,16,"(3, 5)",16.0,"(5, 7)",64.0,"(3, 7)",0.30803380280291537,33,3,Adam,,,,46.0,0.8460144927536232,0.8429523076273243,COMPLETE
24,0.8757118189753472,2026-10-05 13:16:58.176725,2026-10-05 13:17:07.475670,0 days 00:00:09.298945,0.9521428337413359,0.9021869623305314,0.0007891880157717244,0.0011758232138098252,200,16,"(3, 5)",64.0,"(5, 7)",32.0,"(3, 7)",0.4187377067236463,27,3,Adam,,,,46.0,0.8786231884057971,0.8728004495448973,COMPLETE
25,0.8667890399023346,2026-10-05 13:17:07.622138,2026-10-05 13:17:17.293917,0 days 00:00:09.671779,0.9501250102717765,0.9033302208103822,0.0006580167327352438,0.000950364131358214,200,16,"(3, 5)",64.0,"(3, 7)",32.0,"(3, 7)",0.3952853787220513,27,3,Adam,,,,50.0,0.8659420289855072,0.867636050819162,COMPLETE
26,0.5781746516644818,2026-10-05 13:17:17.438502,2026-10-05 13:17:19.444841,0 days 00:00:02.006339,,,,,200,16,"(3, 5)",64.0,"(3, 7)",32.0,"(5, 7)",0.4101324474958903,34,3,SGD,0.08934102051406673,0.8157442521220594,0.00836060330143636,,,,PRUNED
27,0.8848792990984469,2026-10-05 13:17:19.591614,2026-10-05 13:17:28.949912,0 days 00:00:09.358298,0.9221958195431671,0.9044003453200843,0.0007264500521932666,0.00017585260742959924,200,16,"(3, 5)",64.0,"(3, 7)",32.0,"(3, 5)",0.433767036936148,28,3,Adam,,,,48.0,0.8840579710144928,0.8857006271824011,COMPLETE
28,0.5324904224980644,2026-10-05 13:17:29.094910,2026-10-05 13:17:35.191764,0 days 00:00:06.096854,0.9051156143961615,0.9094143890583756,0.0002343136531527628,0.00014233342864224946,64,16,"(5, 7)",64.0,"(3, 7)",,,0.44456612190965694,36,2,Adam,,,,,,,PRUNED
29,0.6135086716449112,2026-10-05 13:17:35.337983,2026-10-05 13:17:36.723179,0 days 00:00:01.385196,0.9215608991285644,0.9004673998220258,0.0009479393983566744,7.308405133345288e-05,200,16,"(3, 5)",64.0,"(3, 7)",,,0.4541250450253793,29,2,Adam,,,,,,,PRUNED
30,0.8618749428804504,2026-10-05 13:17:36.866396,2026-10-05 13:17:55.177177,0 days 00:00:18.310781,0.9200834535020932,0.9177226156266026,0.0005022647888704599,0.0003571726628986544,128,16,"(5, 7)",64.0,"(3, 7)",32.0,"(3, 5)",0.3392104953707264,24,3,Adam,,,,48.0,0.8623188405797102,0.8614310451811906,COMPLETE
31,0.8760878413060267,2026-10-05 13:17:55.327727,2026-10-05 13:18:04.851367,0 days 00:00:09.523640,0.9498471251312091,0.9043932020802256,0.0007174639738174814,0.001114218441822156,200,16,"(3, 5)",64.0,"(3, 7)",32.0,"(3, 5)",0.4016205251889718,28,3,Adam,,,,37.0,0.875,0.8771756826120533,COMPLETE
32,0.6417119493301957,2026-10-05 13:18:04.994981,2026-10-05 13:18:06.943879,0 days 00:00:01.948898,0.948983885237053,0.9089751946559858,0.0007145824706034242,0.0012731100310246074,200,16,"(3, 5)",64.0,"(3, 7)",32.0,"(3, 5)",0.3967487233264842,28,3,Adam,,,,,,,PRUNED
33,0.5950646620615425,2026-10-05 13:18:07.091029,2026-10-05 13:18:08.883874,0 days 00:00:01.792845,0.9292970034941614,0.9068376526666729,0.00034272275859626225,0.0017272808042956144,200,16,"(3, 5)",64.0,"(3, 7)",32.0,"(3, 5)",0.42879070839184896,29,3,Adam,,,,,,,PRUNED
34,0.8788275387401737,2026-10-05 13:18:09.029162,2026-10-05 13:18:54.190204,0 days 00:00:45.161042,0.9523064259932478,0.9185095204374434,0.000950169612026811,0.0007445839211790109,64,16,"(3, 5)",64.0,"(3, 5)",32.0,"(3, 5)",0.4655787424561911,25,3,Adam,,,,46.0,0.8786231884057971,0.8790318890745503,COMPLETE
35,0.6106398004243201,2026-10-05 13:18:54.339765,2026-10-05 13:19:02.644410,0 days 00:00:08.304645,0.9133587986592739,0.9221610876983825,0.00020525460238584933,0.0001798286750732521,64,16,"(3, 7)",64.0,"(3, 5)",32.0,"(3, 5)",0.47746516285521295,30,3,Adam,,,,,,,PRUNED
36,0.5883852441637218,2026-10-05 13:19:02.797529,2026-10-05 13:19:08.420328,0 days 00:00:05.622799,,,,,64,32,"(5, 7)",64.0,"(3, 5)",,,0.4596212777168589,25,2,SGD,0.06003140711038473,0.817523605986741,1.1781293566108088e-06,,,,PRUNED
37,0.6067133808285656,2026-10-05 13:19:08.570301,2026-10-05 13:19:17.131763,0 days 00:00:08.561462,0.8519313863952445,0.911810448775936,0.0011083287885148313,7.920773884182838e-05,64,16,"(3, 5)",8.0,"(3, 5)",32.0,"(3, 5)",0.3799464406693582,35,3,Adam,,,,,,,PRUNED
38,0.8785472488722368,2026-10-05 13:19:17.282730,2026-10-05 13:20:08.420990,0 days 00:00:51.138260,,,,,64,16,"(3, 5)",64.0,"(3, 7)",32.0,"(3, 5)",0.34919287400558197,26,3,SGD,0.009378135290855105,0.7928619824544579,0.00019755716616159228,48.0,0.8822463768115942,0.8748481209328792,COMPLETE
39,0.373939467595262,2026-10-05 13:20:08.569808,2026-10-05 13:20:11.362840,0 days 00:00:02.793032,,,,,64,8,"(3, 7)",,,,,0.30007550965028357,25,1,SGD,0.007499345840243767,0.7984314296389158,0.00013681358534927448,,,,PRUNED
40,0.5085917042100796,2026-10-05 13:20:11.514510,2026-10-05 13:20:18.276232,0 days 00:00:06.761722,,,,,64,32,"(3, 5)",32.0,"(3, 5)",,,0.35300937318517356,31,2,SGD,0.0044341145009132625,0.8837769401167421,0.00020599272778322597,,,,PRUNED
41,0.10180540498451697,2026-10-05 13:20:18.428851,2026-10-05 13:20:27.938299,0 days 00:00:09.509448,,,,,64,16,"(3, 5)",64.0,"(3, 7)",32.0,"(3, 5)",0.3794975058216111,26,3,SGD,0.019136710385075435,0.9885384158215818,0.009963338678298166,,,,PRUNED
42,0.38270840175268184,2026-10-05 13:20:28.093448,2026-10-05 13:20:37.303945,0 days 00:00:09.210497,,,,,64,16,"(3, 5)",64.0,"(3, 7)",32.0,"(3, 5)",0.33382022495298597,28,3,SGD,0.0011408440908485579,0.7668403708845359,6.516877846704449e-05,,,,PRUNED
43,0.6237310382566722,2026-10-05 13:20:37.456238,2026-10-05 13:20:39.246360,0 days 00:00:01.790122,,,,,256,16,"(3, 5)",64.0,"(3, 7)",32.0,"(3, 5)",0.1126628233869705,30,3,SGD,0.022070806611442836,0.8716242835542752,0.0006804261577428706,,,,PRUNED
44,0.4842316389186325,2026-10-05 13:20:39.390037,2026-10-05 13:20:48.535160,0 days 00:00:09.145123,,,,,64,16,"(3, 5)",64.0,"(3, 7)",32.0,"(3, 5)",0.49663973904481334,24,3,SGD,0.0017123928024921206,0.854248853802032,1.8013412958183168e-06,,,,PRUNED
45,0.6044658059864626,2026-10-05 13:20:48.682951,2026-10-05 13:20:52.008875,0 days 00:00:03.325924,0.8844666680200095,0.9185561443976049,0.003953147169475772,0.0006557251640255489,128,8,"(3, 7)",8.0,"(3, 7)",16.0,"(3, 5)",0.36739629237227706,26,3,Adam,,,,,,,PRUNED
46,0.894720952109554,2026-10-05 13:20:52.157498,2026-10-05 13:21:40.010642,0 days 00:00:47.853144,0.8850202216349672,0.9232530830145509,0.001164575985266272,0.0003513112541152781,64,16,"(3, 5)",64.0,"(3, 5)",8.0,"(3, 5)",0.4723733006939665,32,3,Adam,,,,46.0,0.8985507246376812,0.890891179581427,COMPLETE
47,0.534300764586924,2026-10-05 13:21:40.157939,2026-10-05 13:21:49.204344,0 days 00:00:09.046405,,,,,64,16,"(3, 5)",32.0,"(3, 5)",8.0,"(5, 7)",0.4497954714576013,32,3,SGD,0.021535755256542045,0.7035224181446744,5.393957362156487e-06,,,,PRUNED
48,0.9019378583981235,2026-10-05 13:21:49.358776,2026-10-05 13:22:35.425115,0 days 00:00:46.066339,0.8775603083462096,0.9639256619907268,0.0019314654569144408,0.0002765356167060369,64,16,"(5, 7)",64.0,"(3, 5)",8.0,"(3, 5)",0.47378529697990795,36,3,Adam,,,,42.0,0.9039855072463768,0.89989020954987,COMPLETE
49,0.5052690323171054,2026-10-05 13:22:35.579800,2026-10-05 13:22:43.019554,0 days 00:00:07.439754,0.8759999820652966,0.9597260805553882,0.0011319127426279657,0.00029981032569441124,64,16,"(5, 7)",8.0,"(3, 5)",8.0,"(3, 5)",0.4780641281961319,37,3,Adam,,,,,,,PRUNED
50,0.5037025274264233,2026-10-05 13:22:43.165856,2026-10-05 13:22:44.383547,0 days 00:00:01.217691,0.8680652820548813,0.9712501001469289,0.0017375390017878927,3.408311512026224e-05,256,8,"(5, 7)",64.0,"(3, 5)",,,0.17406989896703623,38,2,Adam,,,,,,,PRUNED
51,0.8987248275296464,2026-10-05 13:22:44.527784,2026-10-05 13:23:29.688793,0 days 00:00:45.161009,0.894978492386212,0.9637745862987841,0.004588692625153338,3.526109127599624e-05,64,16,"(5, 7)",64.0,"(3, 5)",8.0,"(3, 5)",0.4657307654118769,33,3,Adam,,,,45.0,0.9039855072463768,0.8934641478129162,COMPLETE
52,0.645421493687123,2026-10-05 13:23:29.832093,2026-10-05 13:23:37.926181,0 days 00:00:08.094088,0.8917134311943067,0.9629018195964837,0.0038058865359045717,3.797111573852748e-05,64,16,"(5, 7)",64.0,"(3, 5)",8.0,"(3, 5)",0.4716539612665126,34,3,Adam,,,,,,,PRUNED
53,0.8995629838848834,2026-10-05 13:23:38.074076,2026-10-05 13:24:24.226569,0 days 00:00:46.152493,0.9013392080331855,0.9823289915591866,0.004744824551018835,1.8286985089587268e-05,64,16,"(5, 7)",64.0,"(3, 5)",8.0,"(3, 5)",0.4901148067091753,32,3,Adam,,,,50.0,0.8967391304347826,0.9023868373349843,COMPLETE
54,0.8787980062941082,2026-10-05 13:24:24.381829,2026-10-05 13:25:10.631718,0 days 00:00:46.249889,0.899504821594963,0.9863531710523255,0.004690755397691691,1.1926356981208414e-05,64,16,"(5, 7)",64.0,"(3, 5)",8.0,"(5, 7)",0.4969472740551641,32,3,Adam,,,,43.0,0.8786231884057971,0.8789728241824193,COMPLETE
55,0.719293106880277,2026-10-05 13:25:10.779580,2026-10-05 13:25:24.351281,0 days 00:00:13.571701,0.8833438351313241,0.9772305053498703,0.008696157305938578,1.895499279732117e-05,64,32,"(5, 7)",32.0,"(3, 5)",8.0,"(3, 5)",0.43684790801712303,40,3,Adam,,,,,,,PRUNED
56,0.8128166882148256,2026-10-05 13:25:24.503673,2026-10-05 13:25:50.769462,0 days 00:00:26.265789,0.8677411743575686,0.9900431713095782,0.005718302541706441,6.176697306066333e-06,64,16,"(5, 7)",64.0,"(3, 5)",8.0,"(3, 5)",0.4866606092231238,36,3,Adam,,,,,,,PRUNED
57,0.8705207664316081,2026-10-05 13:25:50.924405,2026-10-05 13:26:10.057017,0 days 00:00:19.132612,0.8970820311871884,0.9683013461886275,0.00226155621160144,0.0001041147863186346,128,16,"(5, 7)",64.0,"(3, 5)",8.0,"(3, 5)",0.4200197169424298,33,3,Adam,,,,47.0,0.8677536231884058,0.8732879096748106,COMPLETE
58,0.8881286184810937,2026-10-05 13:26:10.204005,2026-10-05 13:26:17.816498,0 days 00:00:07.612493,0.8864062211493149,0.962581556082008,0.00609630892452703,5.2310929132983544e-06,256,16,"(5, 7)",64.0,"(3, 5)",16.0,"(3, 5)",0.4615490612986884,31,3,Adam,,,,49.0,0.8913043478260869,0.8849528891361004,COMPLETE
59,0.43991241973887363,2026-10-05 13:26:17.961945,2026-10-05 13:26:18.895376,0 days 00:00:00.933431,0.883266923006708,0.9553440763181598,0.006015886530682882,7.920043564385271e-06,256,16,"(5, 7)",,,,,0.46263898186237784,34,1,Adam,,,,,,,PRUNED
60,0.573835286827182,2026-10-05 13:26:19.038803,2026-10-05 13:26:20.648460,0 days 00:00:01.609657,0.9043821232429795,0.9661110262326503,0.007527602575018145,2.3552237904704265e-05,256,8,"(5, 7)",64.0,"(3, 5)",16.0,"(3, 5)",0.44151695613199593,31,3,Adam,,,,,,,PRUNED
61,0.6852178551603703,2026-10-05 13:26:20.792418,2026-10-05 13:26:22.665557,0 days 00:00:01.873139,0.8744168800959305,0.9458784404474285,0.0046942101163733865,3.5067500343594565e-06,256,16,"(5, 7)",64.0,"(3, 5)",16.0,"(3, 5)",0.48327508849605183,30,3,Adam,,,,,,,PRUNED
62,0.6078279130321536,2026-10-05 13:26:22.814182,2026-10-05 13:26:24.429875,0 days 00:00:01.615693,0.8892628027011811,0.9751011642099895,0.009677320228082837,4.785615247696591e-06,256,16,"(5, 7)",64.0,"(3, 5)",8.0,"(3, 5)",0.4546875219406856,33,3,Adam,,,,,,,PRUNED
63,0.6553571386305403,2026-10-05 13:26:24.577576,2026-10-05 13:26:34.616806,0 days 00:00:10.039230,0.8625376666688813,0.9576683166656285,0.00479649139765544,1.1161348363656562e-06,64,16,"(5, 7)",16.0,"(3, 5)",16.0,"(3, 5)",0.2091077692079869,35,3,Adam,,,,,,,PRUNED
64,0.5545484766321611,2026-10-05 13:26:34.767906,2026-10-05 13:26:36.362725,0 days 00:00:01.594819,0.9129770928409289,0.9827053036666252,0.002734619459607732,1.5865508702233598e-05,256,16,"(5, 7)",64.0,"(3, 5)",8.0,"(5, 7)",0.4226575002086544,32,3,Adam,,,,,,,PRUNED
65,0.7039281355212403,2026-10-05 13:26:36.513400,2026-10-05 13:26:39.073833,0 days 00:00:02.560433,0.8777059568098601,0.9514782570282903,0.0019280224444158298,5.018087789944507e-05,200,16,"(5, 7)",64.0,"(5, 7)",8.0,"(3, 5)",0.48759725429597706,29,3,Adam,,,,,,,PRUNED
66,0.67180160084005,2026-10-05 13:26:39.219483,2026-10-05 13:26:50.089149,0 days 00:00:10.869666,0.8962662031724367,0.9928324066358358,0.0013909240947852803,0.0004591160472832967,64,16,"(5, 7)",16.0,"(3, 5)",16.0,"(3, 7)",0.46955169765747606,37,3,Adam,,,,,,,PRUNED
67,0.8854333604019582,2026-10-05 13:26:50.233717,2026-10-05 13:27:00.163144,0 days 00:00:09.929427,0.8896583291208192,0.932712731171719,0.006498559492978628,2.6080284474723655e-06,200,64,"(5, 7)",8.0,"(3, 5)",64.0,"(3, 5)",0.4993881639774275,31,3,Adam,,,,35.0,0.8858695652173914,0.884997155586525,COMPLETE
68,0.551677157731005,2026-10-05 13:27:00.310391,2026-10-05 13:27:03.938141,0 days 00:00:03.627750,0.8873348328541585,0.9415155347364018,0.006835757699200669,1.7291482996747264e-06,128,64,"(5, 7)",8.0,"(3, 5)",8.0,"(3, 5)",0.49834071043879,31,3,Adam,,,,,,,PRUNED
69,0.8790604950969316,2026-10-05 13:27:04.092996,2026-10-05 13:27:55.271423,0 days 00:00:51.178427,0.9022105059957924,0.9646634832474619,0.003245430703853034,2.7168837619372496e-06,64,64,"(5, 7)",8.0,"(3, 5)",64.0,"(3, 5)",0.4384015958277104,35,3,Adam,,,,36.0,0.8822463768115942,0.875874613382269,COMPLETE
70,0.46252163332740676,2026-10-05 13:27:55.427286,2026-10-05 13:27:57.412984,0 days 00:00:01.985698,0.893173900970872,0.9721295111354318,0.007015045703661618,0.00024161004169568132,200,64,"(5, 7)",8.0,"(3, 5)",8.0,"(3, 5)",0.4062861583689255,33,3,Adam,,,,,,,PRUNED
71,0.8790218172178028,2026-10-05 13:27:57.560098,2026-10-05 13:28:07.425317,0 days 00:00:09.865219,0.880201860301408,0.929902306603579,0.0051270454917379995,4.964661556915407e-06,200,64,"(5, 7)",8.0,"(5, 7)",64.0,"(3, 7)",0.4621920448613166,30,3,Adam,,,,42.0,0.8840579710144928,0.8739856634211128,COMPLETE
72,0.9183673069830889,2026-10-05 13:28:07.571139,2026-10-05 13:28:17.344695,0 days 00:00:09.773556,0.8707992989178654,0.9479308563227297,0.004269089945166976,0.00013584159801535928,200,16,"(3, 7)",64.0,"(3, 5)",64.0,"(3, 5)",0.4837368223518672,29,3,Adam,,,,40.0,0.9166666666666666,0.920067947299511,COMPLETE
73,0.9080374092702475,2026-10-05 13:28:17.490498,2026-10-05 13:28:26.823136,0 days 00:00:09.332638,0.8700377639110168,0.9492738448560617,0.003918023981691702,0.00013263307072998754,200,64,"(3, 7)",64.0,"(3, 5)",64.0,"(3, 5)",0.4866981493384741,32,3,Adam,,,,50.0,0.907608695652174,0.908466122888321,COMPLETE
74,0.8968525551450384,2026-10-05 13:28:26.970188,2026-10-05 13:28:35.731404,0 days 00:00:08.761216,0.8708372455823569,0.9451710045966712,0.003854923541464304,0.00013030629608081328,200,64,"(3, 7)",64.0,"(3, 5)",64.0,"(3, 5)",0.48484204691522104,32,3,Adam,,,,42.0,0.8985507246376812,0.8951543856523957,COMPLETE
75,0.9055627687225627,2026-10-05 13:28:35.877825,2026-10-05 13:28:44.941079,0 days 00:00:09.063254,0.8704085148562116,0.9477116103510564,0.0038730095803163793,0.00013920319617249962,200,64,"(3, 7)",64.0,"(3, 5)",64.0,"(3, 5)",0.4823498905031326,13,3,Adam,,,,50.0,0.907608695652174,0.9035168417929514,COMPLETE
76,0.9134677458923892,2026-10-05 13:28:45.085710,2026-10-05 13:28:53.766996,0 days 00:00:08.681286,0.8576602925489624,0.946345882642197,0.0038512339372283257,0.00011834443048924528,200,64,"(3, 7)",64.0,"(3, 5)",64.0,"(3, 5)",0.4853911338558299,18,3,Adam,,,,41.0,0.9148550724637681,0.9120804193210102,COMPLETE
77,0.9214814371531324,2026-10-05 13:28:53.915263,2026-10-05 13:29:03.592879,0 days 00:00:09.677616,0.8577680054538058,0.9460335700451563,0.0034412227314484655,0.00011659684863431964,200,64,"(3, 7)",64.0,"(3, 5)",64.0,"(3, 5)",0.480726133201196,15,3,Adam,,,,44.0,0.9202898550724637,0.9226730192338009,COMPLETE
78,0.9088015893017671,2026-10-05 13:29:03.739836,2026-10-05 13:29:13.403393,0 days 00:00:09.663557,0.8571145188849871,0.9500549735375791,0.003167709371986384,9.112163309978531e-05,200,64,"(3, 7)",64.0,"(3, 5)",64.0,"(3, 5)",0.4504287514556038,15,3,Adam,,,,32.0,0.9112318840579711,0.9063712945455632,COMPLETE
79,0.8901215044882909,2026-10-05 13:29:13.550251,2026-10-05 13:29:22.451502,0 days 00:00:08.901251,0.8580821098314201,0.94839263252077,0.0032569578146109416,8.859360941203845e-05,200,64,"(3, 7)",64.0,"(3, 5)",64.0,"(3, 5)",0.44759175892414893,13,3,Adam,,,,40.0,0.894927536231884,0.8853154727446977,COMPLETE
80,0.9100897686027191,2026-10-05 13:29:22.595190,2026-10-05 13:29:31.368280,0 days 00:00:08.773090,0.8594290481037393,0.9393738540694007,0.0025702447370178428,5.355880352661958e-05,200,64,"(3, 7)",64.0,"(3, 5)",64.0,"(3, 5)",0.4858297543104534,16,3,Adam,,,,42.0,0.9130434782608695,0.9071360589445686,COMPLETE
81,0.9121897361396778,2026-10-05 13:29:31.511896,2026-10-05 13:29:40.300787,0 days 00:00:08.788891,0.8610947636826458,0.9392069599900006,0.002558166129638968,6.062310229380431e-05,200,64,"(3, 7)",64.0,"(3, 5)",64.0,"(3, 5)",0.48768400767747977,15,3,Adam,,,,32.0,0.9148550724637681,0.9095243998155874,COMPLETE
82,0.921981505042659,2026-10-05 13:29:40.443920,2026-10-05 13:29:49.146673,0 days 00:00:08.702753,0.8583213087488848,0.9403132691591922,0.0025305132779155537,0.00012507907391422148,200,64,"(3, 7)",64.0,"(3, 5)",64.0,"(3, 5)",0.47781119059823035,15,3,Adam,,,,48.0,0.9257246376811594,0.9182383724041586,COMPLETE
83,0.9051089995795896,2026-10-05 13:29:49.290468,2026-10-05 13:29:58.038833,0 days 00:00:08.748365,0.8577203131100756,0.9403419299992811,0.0029295213704006663,5.953380864817305e-05,200,64,"(3, 7)",64.0,"(3, 5)",64.0,"(3, 5)",0.4489989683378299,16,3,Adam,,,,44.0,0.9094202898550725,0.9007977093041065,COMPLETE
84,0.9274018016860011,2026-10-05 13:29:58.183482,2026-10-05 13:30:07.185626,0 days 00:00:09.002144,0.8633398704575852,0.9363841090789286,0.0026083491211552567,0.00012903754812265515,200,64,"(3, 7)",64.0,"(3, 5)",64.0,"(3, 5)",0.4802380082667578,13,3,Adam,,,,38.0,0.927536231884058,0.927267371487944,COMPLETE
85,0.9095860456017653,2026-10-05 13:30:07.331033,2026-10-05 13:30:16.194976,0 days 00:00:08.863943,0.8621388998423368,0.9385472786622772,0.0025752213023776667,0.00010860766506239079,200,64,"(3, 7)",64.0,"(3, 5)",64.0,"(3, 5)",0.4540511928414676,15,3,Adam,,,,44.0,0.9112318840579711,0.9079402071455595,COMPLETE
86,0.9145390604958712,2026-10-05 13:30:16.338228,2026-10-05 13:30:25.005022,0 days 00:00:08.666794,0.8621850371668449,0.9374372852751456,0.0023511086636241367,5.806830810429933e-05,200,64,"(3, 7)",64.0,"(3, 5)",64.0,"(3, 5)",0.4333409019284443,15,3,Adam,,,,30.0,0.9148550724637681,0.9142230485279744,COMPLETE
87,0.9129660730924368,2026-10-05 13:30:25.148522,2026-10-05 13:30:33.992783,0 days 00:00:08.844261,0.8624555652652365,0.9365391801626338,0.002419755944403173,5.786223082701559e-05,200,64,"(3, 7)",32.0,"(3, 5)",64.0,"(5, 7)",0.41350208784209136,10,3,Adam,,,,39.0,0.9148550724637681,0.9110770737211056,COMPLETE
88,0.8961848498410077,2026-10-05 13:30:34.139515,2026-10-05 13:30:42.794881,0 days 00:00:08.655366,0.8633198891520631,0.9371434609121326,0.002284980264459604,4.5669461055497924e-05,200,64,"(3, 7)",32.0,"(3, 5)",64.0,"(5, 7)",0.41345957669511046,10,3,Adam,,,,39.0,0.8967391304347826,0.8956305692472327,COMPLETE
89,0.9151180921684874,2026-10-05 13:30:42.941413,2026-10-05 13:30:51.597260,0 days 00:00:08.655847,0.8508011920647399,0.9432846221085738,0.0024518916368581898,6.4033824965162e-05,200,64,"(3, 7)",32.0,"(3, 5)",64.0,"(5, 7)",0.42448208302190915,18,3,Adam,,,,46.0,0.9148550724637681,0.9153811118732068,COMPLETE
90,0.8972045991348658,2026-10-05 13:30:51.746319,2026-10-05 13:31:00.711705,0 days 00:00:08.965386,0.8502080336109101,0.9420564360655147,0.0020786163482007704,6.995553142938729e-05,200,64,"(3, 7)",32.0,"(3, 5)",64.0,"(5, 7)",0.39051774315845034,18,3,Adam,,,,25.0,0.9021739130434783,0.8922352852262533,COMPLETE
91,0.8919237591558533,2026-10-05 13:31:00.858123,2026-10-05 13:31:09.569953,0 days 00:00:08.711830,0.8559067625464674,0.9340870058585437,0.002501691970661483,6.162820369331603e-05,200,64,"(3, 7)",32.0,"(3, 5)",64.0,"(5, 7)",0.43153753340886747,12,3,Adam,,,,37.0,0.8967391304347826,0.8871083878769241,COMPLETE
92,0.9175144669841047,2026-10-05 13:31:09.716767,2026-10-05 13:31:18.662021,0 days 00:00:08.945254,0.8634206938313899,0.9438995427358934,0.0017462333097685396,0.000194096066200424,200,64,"(3, 7)",32.0,"(3, 5)",64.0,"(5, 7)",0.42721979152708156,17,3,Adam,,,,50.0,0.9166666666666666,0.9183622673015426,COMPLETE
93,0.9000111428577492,2026-10-05 13:31:18.805897,2026-10-05 13:31:28.176801,0 days 00:00:09.370904,0.8651960153637002,0.9434484681157991,0.0022552430814802883,0.00017664317101946916,200,64,"(3, 7)",32.0,"(3, 5)",64.0,"(5, 7)",0.38898705376388004,19,3,Adam,,,,48.0,0.9039855072463768,0.8960367784691216,COMPLETE
94,0.8975665154214816,2026-10-05 13:31:28.320861,2026-10-05 13:31:37.129100,0 days 00:00:08.808239,0.8532844371563214,0.9551392691226436,0.0016711347411346481,2.766342403586594e-05,200,64,"(3, 7)",32.0,"(3, 5)",64.0,"(5, 7)",0.4271512939400114,14,3,Adam,,,,34.0,0.8967391304347826,0.8983939004081807,COMPLETE
95,0.9011847076342359,2026-10-05 13:31:37.273207,2026-10-05 13:31:46.162588,0 days 00:00:08.889381,0.8658947670915107,0.9304722549176683,0.0018273045215143817,0.00023566442595246065,200,64,"(3, 7)",32.0,"(3, 5)",64.0,"(5, 7)",0.41605762425770454,17,3,Adam,,,,38.0,0.9057971014492754,0.8965723138191963,COMPLETE
96,0.8930974607248845,2026-10-05 13:31:46.306310,2026-10-05 13:31:55.034554,0 days 00:00:08.728244,0.8537005741722273,0.9358638658211512,0.0014733303322192325,0.0001887809077830939,200,64,"(3, 7)",32.0,"(3, 5)",64.0,"(5, 7)",0.3660814831859214,14,3,Adam,,,,49.0,0.8967391304347826,0.8894557910149865,COMPLETE
97,0.8976002967959812,2026-10-05 13:31:55.182789,2026-10-05 13:32:03.839293,0 days 00:00:08.656504,0.8613322973475345,0.9534493427115066,0.002948580328542084,0.00010775029418327651,200,64,"(3, 7)",32.0,"(3, 5)",64.0,"(5, 7)",0.4025312906686481,16,3,Adam,,,,37.0,0.9021739130434783,0.8930266805484841,COMPLETE
98,0.8773744083889954,2026-10-05 13:32:03.984169,2026-10-05 13:32:12.784486,0 days 00:00:08.800317,0.8728213513023853,0.9451434740765348,0.003572114960006079,7.457357725609718e-05,200,64,"(3, 7)",32.0,"(3, 5)",64.0,"(5, 7)",0.4733006101891686,11,3,Adam,,,,27.0,0.8804347826086957,0.8743140341692952,COMPLETE
99,0.8904940728239978,2026-10-05 13:32:12.927310,2026-10-05 13:32:21.751078,0 days 00:00:08.823768,0.8501986389131081,0.9374020311477823,0.002422175515815464,0.00015317456573398798,200,64,"(3, 7)",32.0,"(3, 5)",64.0,"(5, 7)",0.44164667551830616,12,3,Adam,,,,43.0,0.8913043478260869,0.8896837978219087,COMPLETE
