number,value,datetime_start,datetime_complete,duration,params_adam_beta1,params_adam_beta2,params_adam_lr,params_adam_wd,params_batch_size,params_block_0_dropout,params_block_0_filters,params_block_0_kernel,params_block_0_stride,params_block_1_dropout,params_block_1_filters,params_block_1_kernel,params_block_1_stride,params_block_2_dropout,params_block_2_filters,params_block_2_kernel,params_block_2_stride,params_block_3_dropout,params_block_3_filters,params_block_3_kernel,params_block_3_stride,params_fc_hidden,params_first_conv_filters,params_first_conv_kernel_size,params_lr_factor,params_lr_patience,params_n_blocks,params_optimizer,params_sgd_lr,params_sgd_momentum,params_sgd_wd,user_attrs_best_epoch,user_attrs_validation_accuracy,user_attrs_validation_macro_f1,system_attrs_tpe:relative_params:0,state
0,0.481521280239229,2026-09-19 21:14:39.502936,2026-09-19 21:28:36.065877,0 days 00:13:56.562941,0.8636740959608937,0.9683548793485645,0.004138040112561018,1.6536937182824424e-05,128.0,0.22486639612006326,8,5,3,0.12092407909780628,16,5,1,0.10696756190799966,128,5,1,,,,,128,256,7,0.3640914962437608,6.0,3,Adam,,,,45.0,0.5088757396449705,0.45416682083348753,,COMPLETE
1,0.2500502423683998,2026-09-19 21:28:36.154912,2026-09-19 21:32:11.916587,0 days 00:03:35.761675,,,,,256.0,0.1293974293628718,8,7,3,0.1211386337462144,64,5,1,0.2060286015771426,128,5,1,0.15376985928164089,128.0,3.0,1.0,256,128,3,0.48253448281312783,19.0,4,SGD,0.0008569331925053991,0.7943031633877566,0.000828752236376816,39.0,0.28402366863905326,0.21607681609774634,,COMPLETE
2,,2026-09-19 21:32:12.016372,2026-09-19 21:32:12.183159,0 days 00:00:00.166787,,,,,,0.13739383437233124,16,5,3,0.19501056347656354,32,5,2,0.1477005212457796,32,5,1,,,,,,256,7,,,3,,,,,,,,,PRUNED
3,,2026-09-19 21:32:12.290006,2026-09-19 21:32:12.510643,0 days 00:00:00.220637,,,,,,0.1484804398031133,8,5,3,0.14272607415662014,32,7,2,0.12173423081368347,64,3,2,0.2008203321108818,128.0,3.0,1.0,,512,5,,,4,,,,,,,,,PRUNED
4,,2026-09-19 21:32:12.600856,2026-09-19 21:32:12.811700,0 days 00:00:00.210844,,,,,,0.18863394147823626,16,7,3,0.2405094983105102,16,5,2,0.22258333003018238,64,5,1,0.11396541517088489,64.0,3.0,1.0,,128,3,,,4,,,,,,,,,PRUNED
5,0.3625522410821258,2026-09-19 21:32:12.895413,2026-09-19 21:35:15.746071,0 days 00:03:02.850658,,,,,32.0,0.2347831282790619,8,5,3,0.19779418892539008,16,7,1,0.19864193384505152,64,3,1,0.1397803551522588,64.0,3.0,1.0,256,256,3,0.39551061629131834,8.0,4,SGD,0.02423449144702317,0.8457647570005057,0.00020305586522289154,44.0,0.378698224852071,0.3464062573121806,,COMPLETE
6,,2026-09-19 21:35:15.850124,2026-09-19 21:35:16.066190,0 days 00:00:00.216066,,,,,,0.1577646592902888,16,7,3,0.19225108400487545,16,5,2,0.15392367268296328,32,5,1,0.23006084778701555,256.0,3.0,1.0,,512,7,,,4,,,,,,,,,PRUNED
7,,2026-09-19 21:35:16.174304,2026-09-19 21:35:16.365406,0 days 00:00:00.191102,,,,,,0.10539134106951131,8,5,3,0.11905907689778272,32,7,2,0.18109526824151598,64,5,1,0.1774450522451793,256.0,3.0,1.0,,128,7,,,4,,,,,,,,,PRUNED
8,0.5143060475877204,2026-09-19 21:35:16.486429,2026-09-19 21:46:29.221575,0 days 00:11:12.735146,0.902445766047706,0.9625234055798523,0.001862890387420621,1.5178052094448878e-06,32.0,0.1375364347246893,8,7,3,0.16294000936416847,32,5,1,0.2283190876016511,128,3,2,0.17374238126752484,64.0,3.0,1.0,128,256,7,0.4018817551480526,18.0,4,Adam,,,,41.0,0.5384615384615384,0.4901505567139023,,COMPLETE
9,0.5764346612857779,2026-09-19 21:46:29.322686,2026-09-19 21:58:41.485778,0 days 00:12:12.163092,0.9586978145038796,0.9340462736712765,0.0006687062061347505,3.0766092622690316e-05,128.0,0.12936867021839446,16,7,3,0.10349079036037388,32,5,1,0.2205221395577273,32,5,2,,,,,512,512,3,0.6584543953621388,18.0,3,Adam,,,,48.0,0.6094674556213018,0.543401866950254,,COMPLETE
10,0.2026491021010156,2026-09-19 21:58:41.597542,2026-09-19 21:59:14.413338,0 days 00:00:32.815796,0.9873293804323267,0.9065970378206917,0.00012244932543100726,0.0027947393000708042,64.0,0.17301102517289363,16,7,3,0.11011147687774184,32,5,1,0.10857945246451806,32,3,2,0.24782807931338266,128.0,3.0,1.0,512,128,3,0.6660634899137512,13.0,4,Adam,,,,,,,"{""block_0_dropout"": 0.17301102517289363, ""block_0_filters"": 16, ""block_0_kernel"": 7, ""block_1_dropout"": 0.11011147687774184, ""block_1_filters"": 32, ""block_1_kernel"": 5, ""block_1_stride"": 1, ""block_2_dropout"": 0.10857945246451806, ""block_2_filters"": 32, ""block_2_kernel"": 3, ""block_2_stride"": 2, ""first_conv_filters"": 128, ""first_conv_kernel_size"": 3, ""n_blocks"": 4}",PRUNED
11,0.5399435462474131,2026-09-19 21:59:14.513789,2026-09-19 22:02:07.585375,0 days 00:02:53.071586,0.930028314573095,0.9525100950886201,0.0010676916501410137,1.0210280321368556e-06,128.0,0.14022512906442208,16,7,3,0.1488585699320201,32,5,1,0.1852727677987208,32,5,2,,,,,512,128,3,0.1153296968863261,19.0,3,Adam,,,,48.0,0.5502958579881657,0.5295912345066607,"{""block_0_dropout"": 0.14022512906442208, ""block_0_filters"": 16, ""block_0_kernel"": 7, ""block_1_dropout"": 0.1488585699320201, ""block_1_filters"": 32, ""block_1_kernel"": 5, ""block_1_stride"": 1, ""block_2_dropout"": 0.1852727677987208, ""block_2_filters"": 32, ""block_2_kernel"": 5, ""block_2_stride"": 2, ""first_conv_filters"": 128, ""first_conv_kernel_size"": 3, ""n_blocks"": 3}",COMPLETE
12,0.30166823498515627,2026-09-19 22:02:07.696505,2026-09-19 22:04:34.379856,0 days 00:02:26.683351,0.9530380213745262,0.9321677466137429,0.0007333096365351784,4.020209291232591e-05,128.0,0.16538854747688925,16,7,3,0.1306546582857564,32,5,1,0.23091414512227892,32,5,2,,,,,512,512,3,0.10590490440119277,16.0,3,Adam,,,,,,,"{""block_0_dropout"": 0.16538854747688925, ""block_0_filters"": 16, ""block_0_kernel"": 7, ""block_1_dropout"": 0.1306546582857564, ""block_1_filters"": 32, ""block_1_kernel"": 5, ""block_1_stride"": 1, ""block_2_dropout"": 0.23091414512227892, ""block_2_filters"": 32, ""block_2_kernel"": 5, ""block_2_stride"": 2, ""first_conv_filters"": 512, ""first_conv_kernel_size"": 3, ""n_blocks"": 3}",PRUNED
13,0.5103933856985431,2026-09-19 22:04:34.464568,2026-09-19 22:16:56.933308,0 days 00:12:22.468740,0.9378052371652194,0.9435769964865999,0.0005991538986340598,1.1290595733876771e-06,128.0,0.11692631624845334,16,7,3,0.1341020036617713,32,5,1,0.2260164415970095,32,3,2,,,,,512,512,3,0.11421724690349938,20.0,3,Adam,,,,50.0,0.5502958579881657,0.4704909134089205,"{""block_0_dropout"": 0.11692631624845334, ""block_0_filters"": 16, ""block_0_kernel"": 7, ""block_1_dropout"": 0.1341020036617713, ""block_1_filters"": 32, ""block_1_kernel"": 5, ""block_1_stride"": 1, ""block_2_dropout"": 0.2260164415970095, ""block_2_filters"": 32, ""block_2_kernel"": 3, ""block_2_stride"": 2, ""first_conv_filters"": 512, ""first_conv_kernel_size"": 3, ""n_blocks"": 3}",COMPLETE
14,0.5499075077563045,2026-09-19 22:16:57.036973,2026-09-19 22:29:37.352076,0 days 00:12:40.315103,0.9418098764415838,0.9331102560759356,0.0005855556119763455,8.567545344099556e-05,128.0,0.17534683221831707,32,7,3,0.16867566217866675,32,5,1,0.18316853828766919,32,5,2,,,,,512,512,3,0.6835938877586567,15.0,3,Adam,,,,47.0,0.5562130177514792,0.5436019977611297,"{""block_0_dropout"": 0.17534683221831707, ""block_0_filters"": 32, ""block_0_kernel"": 7, ""block_1_dropout"": 0.16867566217866675, ""block_1_filters"": 32, ""block_1_kernel"": 5, ""block_1_stride"": 1, ""block_2_dropout"": 0.18316853828766919, ""block_2_filters"": 32, ""block_2_kernel"": 5, ""block_2_stride"": 2, ""first_conv_filters"": 512, ""first_conv_kernel_size"": 3, ""n_blocks"": 3}",COMPLETE
15,0.24774782066314066,2026-09-19 22:29:37.472981,2026-09-19 22:32:04.755605,0 days 00:02:27.282624,0.9732729937471654,0.9980331773671536,0.00024286181936961768,0.00015433565243456158,128.0,0.22664850581549728,16,7,3,0.15456603730101254,16,5,1,0.2089960534858809,32,5,2,,,,,512,512,3,0.696305671029825,14.0,3,Adam,,,,,,,"{""block_0_dropout"": 0.22664850581549728, ""block_0_filters"": 16, ""block_0_kernel"": 7, ""block_1_dropout"": 0.15456603730101254, ""block_1_filters"": 16, ""block_1_kernel"": 5, ""block_1_stride"": 1, ""block_2_dropout"": 0.2089960534858809, ""block_2_filters"": 32, ""block_2_kernel"": 5, ""block_2_stride"": 2, ""first_conv_filters"": 512, ""first_conv_kernel_size"": 3, ""n_blocks"": 3}",PRUNED
16,0.07881958889916449,2026-09-19 22:32:04.870927,2026-09-19 22:59:57.868074,0 days 00:27:52.997147,,,,,256.0,0.18139545935139695,16,7,3,0.19412735755441263,32,5,1,0.18546180294722708,32,5,2,,,,,512,512,3,0.5569458842304756,12.0,3,SGD,0.00010474754661130821,0.9796715283651208,1.3520814426327833e-06,,,,"{""block_0_dropout"": 0.18139545935139695, ""block_0_filters"": 16, ""block_0_kernel"": 7, ""block_1_dropout"": 0.19412735755441263, ""block_1_filters"": 32, ""block_1_kernel"": 5, ""block_1_stride"": 1, ""block_2_dropout"": 0.18546180294722708, ""block_2_filters"": 32, ""block_2_kernel"": 5, ""block_2_stride"": 2, ""first_conv_filters"": 512, ""first_conv_kernel_size"": 3, ""n_blocks"": 3}",PRUNED
17,0.6184096452399837,2026-09-19 22:59:58.000867,2026-09-19 23:10:28.297104,0 days 00:10:30.296237,0.9129480350209044,0.9179434552837361,0.00034011160746998597,0.0005575177445665065,64.0,0.1137594888601566,32,7,3,0.11708895791122603,32,7,1,0.16740711095939909,32,5,2,,,,,512,512,3,0.5944046900680872,16.0,3,Adam,,,,49.0,0.6272189349112426,0.6096003555687248,"{""block_0_dropout"": 0.1137594888601566, ""block_0_filters"": 32, ""block_0_kernel"": 7, ""block_1_dropout"": 0.11708895791122603, ""block_1_filters"": 32, ""block_1_kernel"": 7, ""block_1_stride"": 1, ""block_2_dropout"": 0.16740711095939909, ""block_2_filters"": 32, ""block_2_kernel"": 5, ""block_2_stride"": 2, ""first_conv_filters"": 512, ""first_conv_kernel_size"": 3, ""n_blocks"": 3}",COMPLETE
18,0.2732948271525567,2026-09-19 23:10:28.392267,2026-09-19 23:11:00.454746,0 days 00:00:32.062479,0.8927036721249767,0.9084834127520404,0.0002520759155107156,0.0008064938199766672,64.0,0.13527296745629366,16,7,3,0.10081675300522976,32,5,1,0.2399800963145855,64,5,2,,,,,512,128,3,0.5780113842547103,11.0,3,Adam,,,,,,,"{""block_0_dropout"": 0.13527296745629366, ""block_0_filters"": 16, ""block_0_kernel"": 7, ""block_1_dropout"": 0.10081675300522976, ""block_1_filters"": 32, ""block_1_kernel"": 5, ""block_1_stride"": 1, ""block_2_dropout"": 0.2399800963145855, ""block_2_filters"": 64, ""block_2_kernel"": 5, ""block_2_stride"": 2, ""first_conv_filters"": 128, ""first_conv_kernel_size"": 3, ""n_blocks"": 3}",PRUNED
19,0.5740057504800866,2026-09-19 23:11:00.557880,2026-09-19 23:33:51.256241,0 days 00:22:50.698361,,,,,64.0,0.1336148368944086,32,7,3,0.12594245215156302,32,7,1,0.1365340492924929,32,5,2,,,,,128,512,7,0.58590370975137,17.0,3,SGD,0.07688671193150333,0.7016847349927575,1.2919117032717412e-06,45.0,0.6035502958579881,0.544461205102185,"{""block_0_dropout"": 0.1336148368944086, ""block_0_filters"": 32, ""block_0_kernel"": 7, ""block_1_dropout"": 0.12594245215156302, ""block_1_filters"": 32, ""block_1_kernel"": 7, ""block_1_stride"": 1, ""block_2_dropout"": 0.1365340492924929, ""block_2_filters"": 32, ""block_2_kernel"": 5, ""block_2_stride"": 2, ""first_conv_filters"": 512, ""first_conv_kernel_size"": 7, ""n_blocks"": 3}",COMPLETE
20,0.29828865240562097,2026-09-19 23:33:51.367249,2026-09-19 23:36:30.396993,0 days 00:02:39.029744,0.9056014034427106,0.921183266391885,0.00028848430191153455,0.008282367332433042,64.0,0.14570755337988953,8,7,3,0.10493324825605371,32,5,1,0.16828600363912322,32,5,2,,,,,256,512,3,0.5044410537398232,16.0,3,Adam,,,,,,,"{""block_0_dropout"": 0.14570755337988953, ""block_0_filters"": 8, ""block_0_kernel"": 7, ""block_1_dropout"": 0.10493324825605371, ""block_1_filters"": 32, ""block_1_kernel"": 5, ""block_1_stride"": 1, ""block_2_dropout"": 0.16828600363912322, ""block_2_filters"": 32, ""block_2_kernel"": 5, ""block_2_stride"": 2, ""first_conv_filters"": 512, ""first_conv_kernel_size"": 3, ""n_blocks"": 3}",PRUNED
21,0.5678775768414478,2026-09-19 23:36:30.507073,2026-09-19 23:46:47.625387,0 days 00:10:17.118314,,,,,64.0,0.1165136508362544,16,7,3,0.1030580791149243,32,7,1,0.16761490531792872,32,5,2,,,,,128,512,3,0.6093602156287983,17.0,3,SGD,0.07878111065295178,0.7105161903361105,2.1818402816849573e-06,44.0,0.5857988165680473,0.5499563371148483,"{""block_0_dropout"": 0.1165136508362544, ""block_0_filters"": 16, ""block_0_kernel"": 7, ""block_1_dropout"": 0.1030580791149243, ""block_1_filters"": 32, ""block_1_kernel"": 7, ""block_1_stride"": 1, ""block_2_dropout"": 0.16761490531792872, ""block_2_filters"": 32, ""block_2_kernel"": 5, ""block_2_stride"": 2, ""first_conv_filters"": 512, ""first_conv_kernel_size"": 3, ""n_blocks"": 3}",COMPLETE
22,0.33823541141782576,2026-09-19 23:46:47.751952,2026-09-19 23:52:17.100375,0 days 00:05:29.348423,,,,,64.0,0.13657029074770563,32,7,3,0.11750909725852293,32,7,1,0.13189767389941615,128,3,2,,,,,128,512,7,0.6143899867152848,17.0,3,SGD,0.005111629817492892,0.9689449980558971,0.008260809831398737,,,,"{""block_0_dropout"": 0.13657029074770563, ""block_0_filters"": 32, ""block_0_kernel"": 7, ""block_1_dropout"": 0.11750909725852293, ""block_1_filters"": 32, ""block_1_kernel"": 7, ""block_1_stride"": 1, ""block_2_dropout"": 0.13189767389941615, ""block_2_filters"": 128, ""block_2_kernel"": 3, ""block_2_stride"": 2, ""first_conv_filters"": 512, ""first_conv_kernel_size"": 7, ""n_blocks"": 3}",PRUNED
23,0.24695328156734575,2026-09-19 23:52:17.215987,2026-09-19 23:54:22.132465,0 days 00:02:04.916478,,,,,64.0,0.1130107214713946,32,7,3,0.13909468885857382,32,5,1,0.15423716829872014,64,5,2,,,,,128,512,3,0.5082350251456369,15.0,3,SGD,0.0023605857081584803,0.7038166107639505,2.6880132439957564e-05,,,,"{""block_0_dropout"": 0.1130107214713946, ""block_0_filters"": 32, ""block_0_kernel"": 7, ""block_1_dropout"": 0.13909468885857382, ""block_1_filters"": 32, ""block_1_kernel"": 5, ""block_1_stride"": 1, ""block_2_dropout"": 0.15423716829872014, ""block_2_filters"": 64, ""block_2_kernel"": 5, ""block_2_stride"": 2, ""first_conv_filters"": 512, ""first_conv_kernel_size"": 3, ""n_blocks"": 3}",PRUNED
24,0.2598090819979933,2026-09-19 23:54:22.239024,2026-09-19 23:56:29.295042,0 days 00:02:07.056018,,,,,64.0,0.10361752467438114,32,7,3,0.11090868973578659,32,7,1,0.23078938192636514,32,5,1,,,,,128,512,3,0.6283834327347362,20.0,3,SGD,0.00010599037793836335,0.8865148283225442,2.3605605451810288e-05,,,,"{""block_0_dropout"": 0.10361752467438114, ""block_0_filters"": 32, ""block_0_kernel"": 7, ""block_1_dropout"": 0.11090868973578659, ""block_1_filters"": 32, ""block_1_kernel"": 7, ""block_1_stride"": 1, ""block_2_dropout"": 0.23078938192636514, ""block_2_filters"": 32, ""block_2_kernel"": 5, ""block_2_stride"": 1, ""first_conv_filters"": 512, ""first_conv_kernel_size"": 3, ""n_blocks"": 3}",PRUNED
25,0.3492009044441368,2026-09-19 23:56:29.387270,2026-09-20 00:06:05.460523,0 days 00:09:36.073253,0.8559364255284122,0.9208712221223239,0.0025443075753112648,0.0003255564501402586,64.0,0.16691079346957838,32,7,3,0.11953058340372696,32,7,1,0.16255813639730493,32,5,2,,,,,512,512,7,0.5459385415975868,18.0,3,Adam,,,,,,,"{""block_0_dropout"": 0.16691079346957838, ""block_0_filters"": 32, ""block_0_kernel"": 7, ""block_1_dropout"": 0.11953058340372696, ""block_1_filters"": 32, ""block_1_kernel"": 7, ""block_1_stride"": 1, ""block_2_dropout"": 0.16255813639730493, ""block_2_filters"": 32, ""block_2_kernel"": 5, ""block_2_stride"": 2, ""first_conv_filters"": 512, ""first_conv_kernel_size"": 7, ""n_blocks"": 3}",PRUNED
26,0.23273207200420545,2026-09-20 00:06:05.575827,2026-09-20 00:07:31.749046,0 days 00:01:26.173219,,,,,32.0,0.10819413308425567,16,7,3,0.13404535891760588,32,5,1,0.19278067926501208,32,5,2,,,,,512,512,3,0.4373714529081125,10.0,3,SGD,0.08998295280846355,0.7760925270650032,0.007715873928173266,,,,"{""block_0_dropout"": 0.10819413308425567, ""block_0_filters"": 16, ""block_0_kernel"": 7, ""block_1_dropout"": 0.13404535891760588, ""block_1_filters"": 32, ""block_1_kernel"": 5, ""block_1_stride"": 1, ""block_2_dropout"": 0.19278067926501208, ""block_2_filters"": 32, ""block_2_kernel"": 5, ""block_2_stride"": 2, ""first_conv_filters"": 512, ""first_conv_kernel_size"": 3, ""n_blocks"": 3}",PRUNED
27,0.22803583471238187,2026-09-20 00:07:31.860174,2026-09-20 00:33:20.263613,0 days 00:25:48.403439,0.9628565166553431,0.9223815264536536,0.009534836793430899,8.75167945402115e-06,256.0,0.12329430989535249,32,7,3,0.16596481629731596,32,7,1,0.21899947569932274,32,5,2,,,,,128,512,3,0.2432088543483519,14.0,3,Adam,,,,,,,"{""block_0_dropout"": 0.12329430989535249, ""block_0_filters"": 32, ""block_0_kernel"": 7, ""block_1_dropout"": 0.16596481629731596, ""block_1_filters"": 32, ""block_1_kernel"": 7, ""block_1_stride"": 1, ""block_2_dropout"": 0.21899947569932274, ""block_2_filters"": 32, ""block_2_kernel"": 5, ""block_2_stride"": 2, ""first_conv_filters"": 512, ""first_conv_kernel_size"": 3, ""n_blocks"": 3}",PRUNED
28,0.47286682020965337,2026-09-20 00:33:20.359458,2026-09-20 00:41:42.517145,0 days 00:08:22.157687,,,,,64.0,0.13523824950632163,32,7,3,0.1590586263919453,16,7,1,0.15492068022166924,32,5,2,,,,,256,512,3,0.6413103309207349,17.0,3,SGD,0.0108013869877826,0.9071214532726541,1.1086044086084262e-05,,,,"{""block_0_dropout"": 0.13523824950632163, ""block_0_filters"": 32, ""block_0_kernel"": 7, ""block_1_dropout"": 0.1590586263919453, ""block_1_filters"": 16, ""block_1_kernel"": 7, ""block_1_stride"": 1, ""block_2_dropout"": 0.15492068022166924, ""block_2_filters"": 32, ""block_2_kernel"": 5, ""block_2_stride"": 2, ""first_conv_filters"": 512, ""first_conv_kernel_size"": 3, ""n_blocks"": 3}",PRUNED
29,0.40528284373856327,2026-09-20 00:41:42.644333,2026-09-20 00:45:59.786806,0 days 00:04:17.142473,0.9215676999856272,0.943671432815398,0.0001333240440053273,0.000699267602890152,64.0,0.10393841727487543,16,7,3,0.10576316807182487,32,5,1,0.21783864358828942,64,5,2,,,,,512,512,3,0.5767140238904508,15.0,3,Adam,,,,,,,"{""block_0_dropout"": 0.10393841727487543, ""block_0_filters"": 16, ""block_0_kernel"": 7, ""block_1_dropout"": 0.10576316807182487, ""block_1_filters"": 32, ""block_1_kernel"": 5, ""block_1_stride"": 1, ""block_2_dropout"": 0.21783864358828942, ""block_2_filters"": 64, ""block_2_kernel"": 5, ""block_2_stride"": 2, ""first_conv_filters"": 512, ""first_conv_kernel_size"": 3, ""n_blocks"": 3}",PRUNED
30,0.28262318220914434,2026-09-20 00:45:59.899394,2026-09-20 00:48:34.429747,0 days 00:02:34.530353,0.8823382706608622,0.9049149661557093,0.0003409611754212519,1.0527997843948343e-05,128.0,0.13253761992074897,16,7,3,0.14535177166321067,32,5,1,0.12421056485764674,32,5,2,,,,,128,512,3,0.5370097946953215,18.0,3,Adam,,,,,,,"{""block_0_dropout"": 0.13253761992074897, ""block_0_filters"": 16, ""block_0_kernel"": 7, ""block_1_dropout"": 0.14535177166321067, ""block_1_filters"": 32, ""block_1_kernel"": 5, ""block_1_stride"": 1, ""block_2_dropout"": 0.12421056485764674, ""block_2_filters"": 32, ""block_2_kernel"": 5, ""block_2_stride"": 2, ""first_conv_filters"": 512, ""first_conv_kernel_size"": 3, ""n_blocks"": 3}",PRUNED
31,0.5358703597518868,2026-09-20 00:48:34.514495,2026-09-20 01:02:13.983889,0 days 00:13:39.469394,,,,,64.0,0.13691891879049747,16,7,3,0.1140894645048843,32,7,1,0.2130743516968422,32,5,2,,,,,128,512,5,0.6059639048573586,17.0,3,SGD,0.07958051299212127,0.7007125041814583,1.119193557898106e-06,37.0,0.5680473372781065,0.5036933822256671,"{""block_0_dropout"": 0.13691891879049747, ""block_0_filters"": 16, ""block_0_kernel"": 7, ""block_1_dropout"": 0.1140894645048843, ""block_1_filters"": 32, ""block_1_kernel"": 7, ""block_1_stride"": 1, ""block_2_dropout"": 0.2130743516968422, ""block_2_filters"": 32, ""block_2_kernel"": 5, ""block_2_stride"": 2, ""first_conv_filters"": 512, ""first_conv_kernel_size"": 5, ""n_blocks"": 3}",COMPLETE
32,0.5406355006944126,2026-09-20 01:02:14.104543,2026-09-20 01:12:44.300319,0 days 00:10:30.195776,,,,,64.0,0.11367233175671429,32,7,3,0.10554999498691205,32,7,1,0.14705562849132126,32,5,2,,,,,128,512,3,0.6421043824303231,16.0,3,SGD,0.033193616300725697,0.7526425138444712,4.543716250132054e-06,34.0,0.5739644970414202,0.507306504347405,"{""block_0_dropout"": 0.11367233175671429, ""block_0_filters"": 32, ""block_0_kernel"": 7, ""block_1_dropout"": 0.10554999498691205, ""block_1_filters"": 32, ""block_1_kernel"": 7, ""block_1_stride"": 1, ""block_2_dropout"": 0.14705562849132126, ""block_2_filters"": 32, ""block_2_kernel"": 5, ""block_2_stride"": 2, ""first_conv_filters"": 512, ""first_conv_kernel_size"": 3, ""n_blocks"": 3}",COMPLETE
33,0.32935897553254273,2026-09-20 01:12:44.409347,2026-09-20 01:15:15.333043,0 days 00:02:30.923696,,,,,64.0,0.1023466089860912,32,7,3,0.14990420249550598,16,7,1,0.1812556576589422,32,5,2,,,,,128,512,3,0.5956256580470556,19.0,3,SGD,0.03686892153451205,0.7369951031706039,4.004268039489325e-06,,,,"{""block_0_dropout"": 0.1023466089860912, ""block_0_filters"": 32, ""block_0_kernel"": 7, ""block_1_dropout"": 0.14990420249550598, ""block_1_filters"": 16, ""block_1_kernel"": 7, ""block_1_stride"": 1, ""block_2_dropout"": 0.1812556576589422, ""block_2_filters"": 32, ""block_2_kernel"": 5, ""block_2_stride"": 2, ""first_conv_filters"": 512, ""first_conv_kernel_size"": 3, ""n_blocks"": 3}",PRUNED
34,0.5406246334257468,2026-09-20 01:15:15.436528,2026-09-20 01:25:46.544694,0 days 00:10:31.108166,,,,,64.0,0.16878008021395466,32,7,3,0.1416634007696809,32,7,1,0.12235471301732873,64,5,2,,,,,128,512,3,0.6568412892928314,17.0,3,SGD,0.017166861685424434,0.811552703725604,4.149551611869223e-06,48.0,0.591715976331361,0.48953329052013267,"{""block_0_dropout"": 0.16878008021395466, ""block_0_filters"": 32, ""block_0_kernel"": 7, ""block_1_dropout"": 0.1416634007696809, ""block_1_filters"": 32, ""block_1_kernel"": 7, ""block_1_stride"": 1, ""block_2_dropout"": 0.12235471301732873, ""block_2_filters"": 64, ""block_2_kernel"": 5, ""block_2_stride"": 2, ""first_conv_filters"": 512, ""first_conv_kernel_size"": 3, ""n_blocks"": 3}",COMPLETE
35,0.3384864004992397,2026-09-20 01:25:46.647982,2026-09-20 01:26:32.042075,0 days 00:00:45.394093,,,,,128.0,0.11788129559095842,16,7,3,0.12494472166093878,32,7,1,0.14052757780547437,32,5,1,,,,,128,128,3,0.461020110994562,14.0,3,SGD,0.09896241246326694,0.737743173653252,6.40659395604667e-05,,,,"{""block_0_dropout"": 0.11788129559095842, ""block_0_filters"": 16, ""block_0_kernel"": 7, ""block_1_dropout"": 0.12494472166093878, ""block_1_filters"": 32, ""block_1_kernel"": 7, ""block_1_stride"": 1, ""block_2_dropout"": 0.14052757780547437, ""block_2_filters"": 32, ""block_2_kernel"": 5, ""block_2_stride"": 1, ""first_conv_filters"": 128, ""first_conv_kernel_size"": 3, ""n_blocks"": 3}",PRUNED
36,0.27644224229389064,2026-09-20 01:26:32.150596,2026-09-20 01:28:35.825837,0 days 00:02:03.675241,,,,,64.0,0.1247661216149763,16,7,3,0.10883513849617893,32,5,1,0.1871560421449633,32,5,1,,,,,512,512,3,0.3029812841883608,18.0,3,SGD,0.0066633426126332254,0.7016893192043991,1.0400077863477331e-06,,,,"{""block_0_dropout"": 0.1247661216149763, ""block_0_filters"": 16, ""block_0_kernel"": 7, ""block_1_dropout"": 0.10883513849617893, ""block_1_filters"": 32, ""block_1_kernel"": 5, ""block_1_stride"": 1, ""block_2_dropout"": 0.1871560421449633, ""block_2_filters"": 32, ""block_2_kernel"": 5, ""block_2_stride"": 1, ""first_conv_filters"": 512, ""first_conv_kernel_size"": 3, ""n_blocks"": 3}",PRUNED
37,0.601753537303874,2026-09-20 01:28:35.937482,2026-09-20 05:38:53.571292,0 days 04:10:17.633810,0.9171652108510058,0.9796247916927099,0.0012608252384107095,0.002104571493307998,256.0,0.10135813636892355,32,7,3,0.137754719262613,32,7,1,0.14637738148683851,32,5,2,,,,,256,512,7,0.5301021604105443,5.0,3,Adam,,,,44.0,0.6331360946745562,0.5703709799331919,"{""block_0_dropout"": 0.10135813636892355, ""block_0_filters"": 32, ""block_0_kernel"": 7, ""block_1_dropout"": 0.137754719262613, ""block_1_filters"": 32, ""block_1_kernel"": 7, ""block_1_stride"": 1, ""block_2_dropout"": 0.14637738148683851, ""block_2_filters"": 32, ""block_2_kernel"": 5, ""block_2_stride"": 2, ""first_conv_filters"": 512, ""first_conv_kernel_size"": 7, ""n_blocks"": 3}",COMPLETE
38,0.3217685491985307,2026-09-20 05:38:53.681938,2026-09-20 06:28:57.354089,0 days 00:50:03.672151,0.9158290666332569,0.9863718146532761,0.0012238517447060633,0.001947811023645757,256.0,0.14211937166105232,32,7,3,0.13985978623271733,32,3,1,0.15484251428012738,32,5,2,,,,,256,512,7,0.520299243779019,5.0,3,Adam,,,,,,,"{""block_0_dropout"": 0.14211937166105232, ""block_0_filters"": 32, ""block_0_kernel"": 7, ""block_1_dropout"": 0.13985978623271733, ""block_1_filters"": 32, ""block_1_kernel"": 3, ""block_1_stride"": 1, ""block_2_dropout"": 0.15484251428012738, ""block_2_filters"": 32, ""block_2_kernel"": 5, ""block_2_stride"": 2, ""first_conv_filters"": 512, ""first_conv_kernel_size"": 7, ""n_blocks"": 3}",PRUNED
39,,2026-09-20 06:28:57.452537,2026-09-20 06:28:57.611143,0 days 00:00:00.158606,,,,,,0.11607528995020715,32,7,3,0.15021262544625527,32,7,2,0.14195467169129172,32,5,2,,,,,,512,7,,,3,,,,,,,,"{""block_0_dropout"": 0.11607528995020715, ""block_0_filters"": 32, ""block_0_kernel"": 7, ""block_1_dropout"": 0.15021262544625527, ""block_1_filters"": 32, ""block_1_kernel"": 7, ""block_1_stride"": 2, ""block_2_dropout"": 0.14195467169129172, ""block_2_filters"": 32, ""block_2_kernel"": 5, ""block_2_stride"": 2, ""first_conv_filters"": 512, ""first_conv_kernel_size"": 7, ""n_blocks"": 3}",PRUNED
40,0.23888349212477467,2026-09-20 06:28:57.722584,2026-09-20 07:19:01.346787,0 days 00:50:03.624203,0.8862064120449973,0.9757724614397344,0.00045478480838307545,0.00852571817032043,256.0,0.1240528982980829,32,7,3,0.16391217027167135,32,7,1,0.11310940785181883,32,5,2,,,,,256,512,7,0.454125476489404,7.0,3,Adam,,,,,,,"{""block_0_dropout"": 0.1240528982980829, ""block_0_filters"": 32, ""block_0_kernel"": 7, ""block_1_dropout"": 0.16391217027167135, ""block_1_filters"": 32, ""block_1_kernel"": 7, ""block_1_stride"": 1, ""block_2_dropout"": 0.11310940785181883, ""block_2_filters"": 32, ""block_2_kernel"": 5, ""block_2_stride"": 2, ""first_conv_filters"": 512, ""first_conv_kernel_size"": 7, ""n_blocks"": 3}",PRUNED
41,0.27383156226271854,2026-09-20 07:19:01.473975,2026-09-20 08:19:08.394477,0 days 01:00:06.920502,0.9546880004696413,0.9992569305791577,0.0010049611710633189,0.002977694044837487,256.0,0.14973289814803753,32,7,3,0.1274915441954919,64,7,1,0.12941800512820836,32,5,2,,,,,256,512,7,0.5744151801099324,8.0,3,Adam,,,,,,,"{""block_0_dropout"": 0.14973289814803753, ""block_0_filters"": 32, ""block_0_kernel"": 7, ""block_1_dropout"": 0.1274915441954919, ""block_1_filters"": 64, ""block_1_kernel"": 7, ""block_1_stride"": 1, ""block_2_dropout"": 0.12941800512820836, ""block_2_filters"": 32, ""block_2_kernel"": 5, ""block_2_stride"": 2, ""first_conv_filters"": 512, ""first_conv_kernel_size"": 7, ""n_blocks"": 3}",PRUNED
42,0.4363816640353455,2026-09-20 08:19:08.505934,2026-09-20 08:24:59.127925,0 days 00:05:50.621991,0.917291271293584,0.9807232604401468,0.001814628940396446,0.000664248785817273,32.0,0.12712369644074845,32,7,3,0.14134114314216303,32,7,1,0.17131060267736092,32,5,2,,,,,256,512,3,0.6103201565164844,9.0,3,Adam,,,,,,,"{""block_0_dropout"": 0.12712369644074845, ""block_0_filters"": 32, ""block_0_kernel"": 7, ""block_1_dropout"": 0.14134114314216303, ""block_1_filters"": 32, ""block_1_kernel"": 7, ""block_1_stride"": 1, ""block_2_dropout"": 0.17131060267736092, ""block_2_filters"": 32, ""block_2_kernel"": 5, ""block_2_stride"": 2, ""first_conv_filters"": 512, ""first_conv_kernel_size"": 3, ""n_blocks"": 3}",PRUNED
43,0.18646855169961546,2026-09-20 08:24:59.241922,2026-09-20 08:51:17.937109,0 days 00:26:18.695187,0.98893047040984,0.9543576781254404,0.0004061974325362713,0.00014793347140051443,256.0,0.15725920603366167,16,7,3,0.10010081476397117,32,5,1,0.22145848063702572,32,5,2,,,,,256,512,3,0.492005132733274,19.0,3,Adam,,,,,,,"{""block_0_dropout"": 0.15725920603366167, ""block_0_filters"": 16, ""block_0_kernel"": 7, ""block_1_dropout"": 0.10010081476397117, ""block_1_filters"": 32, ""block_1_kernel"": 5, ""block_1_stride"": 1, ""block_2_dropout"": 0.22145848063702572, ""block_2_filters"": 32, ""block_2_kernel"": 5, ""block_2_stride"": 2, ""first_conv_filters"": 512, ""first_conv_kernel_size"": 3, ""n_blocks"": 3}",PRUNED
44,0.3591353228807276,2026-09-20 08:51:18.029971,2026-09-20 08:55:24.345126,0 days 00:04:06.315155,,,,,32.0,0.12747751006176716,16,7,3,0.1120030930850666,32,3,1,0.16035971599903906,32,5,2,,,,,128,512,3,0.6644328355929111,5.0,3,SGD,0.04409422669708329,0.7587972169431907,5.861699843017543e-06,,,,"{""block_0_dropout"": 0.12747751006176716, ""block_0_filters"": 16, ""block_0_kernel"": 7, ""block_1_dropout"": 0.1120030930850666, ""block_1_filters"": 32, ""block_1_kernel"": 3, ""block_1_stride"": 1, ""block_2_dropout"": 0.16035971599903906, ""block_2_filters"": 32, ""block_2_kernel"": 5, ""block_2_stride"": 2, ""first_conv_filters"": 512, ""first_conv_kernel_size"": 3, ""n_blocks"": 3}",PRUNED
45,0.29892794910366993,2026-09-20 08:55:24.463406,2026-09-20 09:21:43.044952,0 days 00:26:18.581546,0.8698022037816573,0.9288217184876246,0.00019088422465448566,3.5097680140287996e-06,256.0,0.10242655393977049,16,7,3,0.11907511987153253,32,7,1,0.16808054521974242,128,5,2,,,,,512,512,3,0.5486948164157313,12.0,3,Adam,,,,,,,"{""block_0_dropout"": 0.10242655393977049, ""block_0_filters"": 16, ""block_0_kernel"": 7, ""block_1_dropout"": 0.11907511987153253, ""block_1_filters"": 32, ""block_1_kernel"": 7, ""block_1_stride"": 1, ""block_2_dropout"": 0.16808054521974242, ""block_2_filters"": 128, ""block_2_kernel"": 5, ""block_2_stride"": 2, ""first_conv_filters"": 512, ""first_conv_kernel_size"": 3, ""n_blocks"": 3}",PRUNED
46,0.5827379173370094,2026-09-20 09:21:43.143003,2026-09-20 09:52:32.294004,0 days 00:30:49.151001,0.9343625885691635,0.9134503005078431,0.004058304424022921,3.6248578030896134e-05,128.0,0.1036276848545267,32,7,3,0.12347413105411967,32,7,1,0.1499904730673558,32,5,2,,,,,256,512,7,0.6995071918794826,19.0,3,Adam,,,,45.0,0.591715976331361,0.5737598583426579,"{""block_0_dropout"": 0.1036276848545267, ""block_0_filters"": 32, ""block_0_kernel"": 7, ""block_1_dropout"": 0.12347413105411967, ""block_1_filters"": 32, ""block_1_kernel"": 7, ""block_1_stride"": 1, ""block_2_dropout"": 0.1499904730673558, ""block_2_filters"": 32, ""block_2_kernel"": 5, ""block_2_stride"": 2, ""first_conv_filters"": 512, ""first_conv_kernel_size"": 7, ""n_blocks"": 3}",COMPLETE
47,0.3242662615832464,2026-09-20 09:52:32.435386,2026-09-20 09:58:41.929408,0 days 00:06:09.494022,0.9341086110369098,0.9144715731192347,0.004322998167624966,2.6183225358743775e-05,128.0,0.14655735375793805,32,7,3,0.15042765587907098,32,5,1,0.13184801993595607,32,5,2,,,,,256,512,7,0.6780699553325387,20.0,3,Adam,,,,,,,"{""block_0_dropout"": 0.14655735375793805, ""block_0_filters"": 32, ""block_0_kernel"": 7, ""block_1_dropout"": 0.15042765587907098, ""block_1_filters"": 32, ""block_1_kernel"": 5, ""block_1_stride"": 1, ""block_2_dropout"": 0.13184801993595607, ""block_2_filters"": 32, ""block_2_kernel"": 5, ""block_2_stride"": 2, ""first_conv_filters"": 512, ""first_conv_kernel_size"": 7, ""n_blocks"": 3}",PRUNED
48,0.3077066951230635,2026-09-20 09:58:42.021866,2026-09-20 10:04:51.405356,0 days 00:06:09.383490,0.9465107825790283,0.9130177151085768,0.00800775468594393,4.103517246993599e-05,128.0,0.10063558389722088,32,7,3,0.10553594600702881,32,5,1,0.11545207499062982,32,5,2,,,,,256,512,7,0.69236601715887,19.0,3,Adam,,,,,,,"{""block_0_dropout"": 0.10063558389722088, ""block_0_filters"": 32, ""block_0_kernel"": 7, ""block_1_dropout"": 0.10553594600702881, ""block_1_filters"": 32, ""block_1_kernel"": 5, ""block_1_stride"": 1, ""block_2_dropout"": 0.11545207499062982, ""block_2_filters"": 32, ""block_2_kernel"": 5, ""block_2_stride"": 2, ""first_conv_filters"": 512, ""first_conv_kernel_size"": 7, ""n_blocks"": 3}",PRUNED
49,0.3049859096681839,2026-09-20 10:04:51.526546,2026-09-20 10:11:01.533890,0 days 00:06:10.007344,0.9256729275339772,0.9444547691937442,0.00407170487876634,7.421747550087199e-05,128.0,0.10154455323379837,32,7,3,0.11825311477258274,32,7,1,0.13659271496978745,32,5,2,,,,,256,512,7,0.39705974022318674,18.0,3,Adam,,,,,,,"{""block_0_dropout"": 0.10154455323379837, ""block_0_filters"": 32, ""block_0_kernel"": 7, ""block_1_dropout"": 0.11825311477258274, ""block_1_filters"": 32, ""block_1_kernel"": 7, ""block_1_stride"": 1, ""block_2_dropout"": 0.13659271496978745, ""block_2_filters"": 32, ""block_2_kernel"": 5, ""block_2_stride"": 2, ""first_conv_filters"": 512, ""first_conv_kernel_size"": 7, ""n_blocks"": 3}",PRUNED
50,,2026-09-20 10:11:01.645632,2026-09-20 10:11:01.829779,0 days 00:00:00.184147,,,,,,0.12314813628266737,32,7,3,0.11877292557223192,32,7,2,0.15888667207931717,32,5,2,,,,,,512,7,,,3,,,,,,,,"{""block_0_dropout"": 0.12314813628266737, ""block_0_filters"": 32, ""block_0_kernel"": 7, ""block_1_dropout"": 0.11877292557223192, ""block_1_filters"": 32, ""block_1_kernel"": 7, ""block_1_stride"": 2, ""block_2_dropout"": 0.15888667207931717, ""block_2_filters"": 32, ""block_2_kernel"": 5, ""block_2_stride"": 2, ""first_conv_filters"": 512, ""first_conv_kernel_size"": 7, ""n_blocks"": 3}",PRUNED
51,0.33462427709923653,2026-09-20 10:11:01.929778,2026-09-20 10:17:09.802704,0 days 00:06:07.872926,0.9081664256733327,0.9002913724253686,0.0008033415365192018,0.0002991537586038178,128.0,0.1037302597469799,8,7,3,0.13530199481888083,32,7,1,0.15531924517086135,32,5,2,,,,,512,512,7,0.6356048902572613,16.0,3,Adam,,,,,,,"{""block_0_dropout"": 0.1037302597469799, ""block_0_filters"": 8, ""block_0_kernel"": 7, ""block_1_dropout"": 0.13530199481888083, ""block_1_filters"": 32, ""block_1_kernel"": 7, ""block_1_stride"": 1, ""block_2_dropout"": 0.15531924517086135, ""block_2_filters"": 32, ""block_2_kernel"": 5, ""block_2_stride"": 2, ""first_conv_filters"": 512, ""first_conv_kernel_size"": 7, ""n_blocks"": 3}",PRUNED
52,0.23310948610902368,2026-09-20 10:17:09.926518,2026-09-20 10:23:19.980730,0 days 00:06:10.054212,0.9708541539386477,0.9264997314814255,0.0016432057130156556,0.0012123256679579576,128.0,0.13280391277820106,32,7,3,0.11958671583655929,32,7,1,0.17647865618802394,32,5,2,,,,,256,512,7,0.5871864541184894,18.0,3,Adam,,,,,,,"{""block_0_dropout"": 0.13280391277820106, ""block_0_filters"": 32, ""block_0_kernel"": 7, ""block_1_dropout"": 0.11958671583655929, ""block_1_filters"": 32, ""block_1_kernel"": 7, ""block_1_stride"": 1, ""block_2_dropout"": 0.17647865618802394, ""block_2_filters"": 32, ""block_2_kernel"": 5, ""block_2_stride"": 2, ""first_conv_filters"": 512, ""first_conv_kernel_size"": 7, ""n_blocks"": 3}",PRUNED
53,0.6306300469285763,2026-09-20 10:23:20.089630,2026-09-20 10:54:09.193671,0 days 00:30:49.104041,0.8965946908399103,0.9376157850917523,0.0028188716013014662,4.335517601239894e-06,128.0,0.10626654223011665,32,7,3,0.11213787950965198,32,7,1,0.18779520751364817,32,5,2,,,,,512,512,7,0.6516397762622139,20.0,3,Adam,,,,49.0,0.6627218934911243,0.5985382003660282,"{""block_0_dropout"": 0.10626654223011665, ""block_0_filters"": 32, ""block_0_kernel"": 7, ""block_1_dropout"": 0.11213787950965198, ""block_1_filters"": 32, ""block_1_kernel"": 7, ""block_1_stride"": 1, ""block_2_dropout"": 0.18779520751364817, ""block_2_filters"": 32, ""block_2_kernel"": 5, ""block_2_stride"": 2, ""first_conv_filters"": 512, ""first_conv_kernel_size"": 7, ""n_blocks"": 3}",COMPLETE
54,0.6146940332620628,2026-09-20 10:54:09.316394,2026-09-20 11:24:58.863907,0 days 00:30:49.547513,0.8973712138533441,0.9383489680852162,0.0027330260998030703,7.080158720543942e-06,128.0,0.1214236306760817,32,7,3,0.1447163272580977,32,7,1,0.20995302122592957,32,5,2,,,,,512,512,7,0.6953469314526095,20.0,3,Adam,,,,45.0,0.6331360946745562,0.5962519718495695,"{""block_0_dropout"": 0.1214236306760817, ""block_0_filters"": 32, ""block_0_kernel"": 7, ""block_1_dropout"": 0.1447163272580977, ""block_1_filters"": 32, ""block_1_kernel"": 7, ""block_1_stride"": 1, ""block_2_dropout"": 0.20995302122592957, ""block_2_filters"": 32, ""block_2_kernel"": 5, ""block_2_stride"": 2, ""first_conv_filters"": 512, ""first_conv_kernel_size"": 7, ""n_blocks"": 3}",COMPLETE
55,0.5643014928440029,2026-09-20 11:24:58.991729,2026-09-20 11:55:49.230196,0 days 00:30:50.238467,0.8956999189596978,0.9378255981068501,0.0027834895949980214,4.619110232587135e-06,128.0,0.1142873210039324,32,7,3,0.13033103522726797,32,7,1,0.13583786705499634,32,5,2,,,,,512,512,7,0.6990829690783196,20.0,3,Adam,,,,41.0,0.5857988165680473,0.5428041691199585,"{""block_0_dropout"": 0.1142873210039324, ""block_0_filters"": 32, ""block_0_kernel"": 7, ""block_1_dropout"": 0.13033103522726797, ""block_1_filters"": 32, ""block_1_kernel"": 7, ""block_1_stride"": 1, ""block_2_dropout"": 0.13583786705499634, ""block_2_filters"": 32, ""block_2_kernel"": 5, ""block_2_stride"": 2, ""first_conv_filters"": 512, ""first_conv_kernel_size"": 7, ""n_blocks"": 3}",COMPLETE
56,0.32644747496162674,2026-09-20 11:55:49.341596,2026-09-20 12:01:59.695051,0 days 00:06:10.353455,0.9123911929780425,0.9391129591677093,0.004757667258441377,3.655506814301311e-06,128.0,0.10571773034701591,32,7,3,0.10643217108735724,32,7,1,0.19889434668673983,32,5,2,,,,,512,512,7,0.6604840765976303,19.0,3,Adam,,,,,,,"{""block_0_dropout"": 0.10571773034701591, ""block_0_filters"": 32, ""block_0_kernel"": 7, ""block_1_dropout"": 0.10643217108735724, ""block_1_filters"": 32, ""block_1_kernel"": 7, ""block_1_stride"": 1, ""block_2_dropout"": 0.19889434668673983, ""block_2_filters"": 32, ""block_2_kernel"": 5, ""block_2_stride"": 2, ""first_conv_filters"": 512, ""first_conv_kernel_size"": 7, ""n_blocks"": 3}",PRUNED
57,,2026-09-20 12:01:59.817539,2026-09-20 12:01:59.979111,0 days 00:00:00.161572,,,,,,0.1165084156617324,32,7,3,0.12004485085810834,32,7,2,0.18004088513708805,32,5,2,,,,,,512,7,,,3,,,,,,,,"{""block_0_dropout"": 0.1165084156617324, ""block_0_filters"": 32, ""block_0_kernel"": 7, ""block_1_dropout"": 0.12004485085810834, ""block_1_filters"": 32, ""block_1_kernel"": 7, ""block_1_stride"": 2, ""block_2_dropout"": 0.18004088513708805, ""block_2_filters"": 32, ""block_2_kernel"": 5, ""block_2_stride"": 2, ""first_conv_filters"": 512, ""first_conv_kernel_size"": 7, ""n_blocks"": 3}",PRUNED
58,0.5920453454097258,2026-09-20 12:02:00.092789,2026-09-20 12:32:50.183801,0 days 00:30:50.091012,0.8981986583585537,0.9148274183641089,0.0029848909623109146,1.538893786104087e-05,128.0,0.10291393530632469,32,7,3,0.16284118870274822,32,7,1,0.12932394611926018,32,5,2,,,,,512,512,7,0.6643961549840506,20.0,3,Adam,,,,33.0,0.6153846153846154,0.5687060754348361,"{""block_0_dropout"": 0.10291393530632469, ""block_0_filters"": 32, ""block_0_kernel"": 7, ""block_1_dropout"": 0.16284118870274822, ""block_1_filters"": 32, ""block_1_kernel"": 7, ""block_1_stride"": 1, ""block_2_dropout"": 0.12932394611926018, ""block_2_filters"": 32, ""block_2_kernel"": 5, ""block_2_stride"": 2, ""first_conv_filters"": 512, ""first_conv_kernel_size"": 7, ""n_blocks"": 3}",COMPLETE
59,0.3268866627347277,2026-09-20 12:32:50.292292,2026-09-20 12:39:00.622088,0 days 00:06:10.329796,0.8996102347545099,0.9147016986084673,0.0029296461495945465,1.3027604908743485e-05,128.0,0.1392040286588948,32,7,3,0.15843662759168628,32,7,1,0.24171386770459286,32,5,2,,,,,512,512,7,0.6685012742076785,20.0,3,Adam,,,,,,,"{""block_0_dropout"": 0.1392040286588948, ""block_0_filters"": 32, ""block_0_kernel"": 7, ""block_1_dropout"": 0.15843662759168628, ""block_1_filters"": 32, ""block_1_kernel"": 7, ""block_1_stride"": 1, ""block_2_dropout"": 0.24171386770459286, ""block_2_filters"": 32, ""block_2_kernel"": 5, ""block_2_stride"": 2, ""first_conv_filters"": 512, ""first_conv_kernel_size"": 7, ""n_blocks"": 3}",PRUNED
60,0.3209106504654672,2026-09-20 12:39:00.749551,2026-09-20 12:44:51.772818,0 days 00:05:51.023267,0.8903892772832357,0.9588253271270626,0.006194296230837978,6.099375952713941e-06,128.0,0.11595310812488858,32,5,3,0.1707661225647438,32,7,1,0.16229156656103044,32,5,2,,,,,512,512,7,0.643913746967903,19.0,3,Adam,,,,,,,"{""block_0_dropout"": 0.11595310812488858, ""block_0_filters"": 32, ""block_0_kernel"": 5, ""block_1_dropout"": 0.1707661225647438, ""block_1_filters"": 32, ""block_1_kernel"": 7, ""block_1_stride"": 1, ""block_2_dropout"": 0.16229156656103044, ""block_2_filters"": 32, ""block_2_kernel"": 5, ""block_2_stride"": 2, ""first_conv_filters"": 512, ""first_conv_kernel_size"": 7, ""n_blocks"": 3}",PRUNED
61,0.624265284882233,2026-09-20 12:44:51.883712,2026-09-20 13:15:42.122452,0 days 00:30:50.238740,0.877766825430488,0.9678703507561377,0.003235525447785475,1.8138764840678453e-05,128.0,0.1202737382076943,32,7,3,0.12419697681796334,32,7,1,0.20541664922724903,32,5,2,,,,,512,512,7,0.6965618344719297,20.0,3,Adam,,,,48.0,0.6449704142011834,0.6035601555632825,"{""block_0_dropout"": 0.1202737382076943, ""block_0_filters"": 32, ""block_0_kernel"": 7, ""block_1_dropout"": 0.12419697681796334, ""block_1_filters"": 32, ""block_1_kernel"": 7, ""block_1_stride"": 1, ""block_2_dropout"": 0.20541664922724903, ""block_2_filters"": 32, ""block_2_kernel"": 5, ""block_2_stride"": 2, ""first_conv_filters"": 512, ""first_conv_kernel_size"": 7, ""n_blocks"": 3}",COMPLETE
62,0.6098312769407426,2026-09-20 13:15:42.233089,2026-09-20 13:46:32.546560,0 days 00:30:50.313471,0.8763600897336662,0.9652329139167959,0.0033345996476286154,2.1392143482682022e-05,128.0,0.10213065579165323,32,7,3,0.15006293263571882,32,7,1,0.13257321013520904,32,5,2,,,,,512,512,7,0.6987603463772992,20.0,3,Adam,,,,48.0,0.6331360946745562,0.5865264592069288,"{""block_0_dropout"": 0.10213065579165323, ""block_0_filters"": 32, ""block_0_kernel"": 7, ""block_1_dropout"": 0.15006293263571882, ""block_1_filters"": 32, ""block_1_kernel"": 7, ""block_1_stride"": 1, ""block_2_dropout"": 0.13257321013520904, ""block_2_filters"": 32, ""block_2_kernel"": 5, ""block_2_stride"": 2, ""first_conv_filters"": 512, ""first_conv_kernel_size"": 7, ""n_blocks"": 3}",COMPLETE
63,0.24328469451421536,2026-09-20 13:46:32.658647,2026-09-20 13:52:42.434249,0 days 00:06:09.775602,0.8775205727570482,0.965351455387844,0.0024051509817017663,2.066861480154365e-06,128.0,0.10365661520636157,32,7,3,0.15654022999267891,32,3,1,0.19101109869923547,32,5,2,,,,,512,512,7,0.6234826627167054,20.0,3,Adam,,,,,,,"{""block_0_dropout"": 0.10365661520636157, ""block_0_filters"": 32, ""block_0_kernel"": 7, ""block_1_dropout"": 0.15654022999267891, ""block_1_filters"": 32, ""block_1_kernel"": 3, ""block_1_stride"": 1, ""block_2_dropout"": 0.19101109869923547, ""block_2_filters"": 32, ""block_2_kernel"": 5, ""block_2_stride"": 2, ""first_conv_filters"": 512, ""first_conv_kernel_size"": 7, ""n_blocks"": 3}",PRUNED
64,0.29631023101575593,2026-09-20 13:52:42.541867,2026-09-20 13:58:51.480157,0 days 00:06:08.938290,0.8724960275465868,0.9703769519177309,0.00352300376482906,1.4001009317923556e-05,128.0,0.1047482157087397,16,7,3,0.15105578294255048,32,7,1,0.1328367107697805,32,5,2,,,,,512,512,7,0.6752255880126404,20.0,3,Adam,,,,,,,"{""block_0_dropout"": 0.1047482157087397, ""block_0_filters"": 16, ""block_0_kernel"": 7, ""block_1_dropout"": 0.15105578294255048, ""block_1_filters"": 32, ""block_1_kernel"": 7, ""block_1_stride"": 1, ""block_2_dropout"": 0.1328367107697805, ""block_2_filters"": 32, ""block_2_kernel"": 5, ""block_2_stride"": 2, ""first_conv_filters"": 512, ""first_conv_kernel_size"": 7, ""n_blocks"": 3}",PRUNED
65,0.2997772979646901,2026-09-20 13:58:51.607244,2026-09-20 14:05:01.678794,0 days 00:06:10.071550,0.9014920326152801,0.9876664891396865,0.002155684057014721,2.12207328133232e-05,128.0,0.10912005644539377,32,7,3,0.17534253209094453,32,7,1,0.21247488551337979,32,5,2,,,,,512,512,7,0.6534471971376781,20.0,3,Adam,,,,,,,"{""block_0_dropout"": 0.10912005644539377, ""block_0_filters"": 32, ""block_0_kernel"": 7, ""block_1_dropout"": 0.17534253209094453, ""block_1_filters"": 32, ""block_1_kernel"": 7, ""block_1_stride"": 1, ""block_2_dropout"": 0.21247488551337979, ""block_2_filters"": 32, ""block_2_kernel"": 5, ""block_2_stride"": 2, ""first_conv_filters"": 512, ""first_conv_kernel_size"": 7, ""n_blocks"": 3}",PRUNED
66,0.6666734802792041,2026-09-20 14:05:01.795696,2026-09-20 14:35:51.587783,0 days 00:30:49.792087,0.8623710712012261,0.9741976584794216,0.0013722552641739574,2.4183538098000163e-06,128.0,0.10407411132492558,32,7,3,0.15679064841754708,32,7,1,0.11050091123096244,32,5,2,,,,,512,512,7,0.67588976766429,19.0,3,Adam,,,,48.0,0.6804733727810651,0.6528735877773432,"{""block_0_dropout"": 0.10407411132492558, ""block_0_filters"": 32, ""block_0_kernel"": 7, ""block_1_dropout"": 0.15679064841754708, ""block_1_filters"": 32, ""block_1_kernel"": 7, ""block_1_stride"": 1, ""block_2_dropout"": 0.11050091123096244, ""block_2_filters"": 32, ""block_2_kernel"": 5, ""block_2_stride"": 2, ""first_conv_filters"": 512, ""first_conv_kernel_size"": 7, ""n_blocks"": 3}",COMPLETE
67,0.29132354301807784,2026-09-20 14:35:51.683279,2026-09-20 14:42:01.989762,0 days 00:06:10.306483,0.8581166243395215,0.9737979334181412,0.0013451736777502327,1.6477758235587527e-06,128.0,0.1247894352736538,32,7,3,0.15841864069409023,32,7,1,0.198517356887516,32,5,2,,,,,512,512,7,0.17330516030187842,19.0,3,Adam,,,,,,,"{""block_0_dropout"": 0.1247894352736538, ""block_0_filters"": 32, ""block_0_kernel"": 7, ""block_1_dropout"": 0.15841864069409023, ""block_1_filters"": 32, ""block_1_kernel"": 7, ""block_1_stride"": 1, ""block_2_dropout"": 0.198517356887516, ""block_2_filters"": 32, ""block_2_kernel"": 5, ""block_2_stride"": 2, ""first_conv_filters"": 512, ""first_conv_kernel_size"": 7, ""n_blocks"": 3}",PRUNED
68,0.27172175269511367,2026-09-20 14:42:02.104124,2026-09-20 14:45:19.091392,0 days 00:03:16.987268,0.8643334571863676,0.962625566496392,0.006105195372429196,2.493057835966577e-06,128.0,0.12925578954111633,16,7,3,0.12902541128217995,32,7,1,0.19133696058347835,32,5,2,,,,,512,512,5,0.6218876747715234,6.0,3,Adam,,,,,,,"{""block_0_dropout"": 0.12925578954111633, ""block_0_filters"": 16, ""block_0_kernel"": 7, ""block_1_dropout"": 0.12902541128217995, ""block_1_filters"": 32, ""block_1_kernel"": 7, ""block_1_stride"": 1, ""block_2_dropout"": 0.19133696058347835, ""block_2_filters"": 32, ""block_2_kernel"": 5, ""block_2_stride"": 2, ""first_conv_filters"": 512, ""first_conv_kernel_size"": 5, ""n_blocks"": 3}",PRUNED
69,0.6466062436955147,2026-09-20 14:45:19.217727,2026-09-20 18:55:45.021527,0 days 04:10:25.803800,0.8792129644180164,0.978444629130904,0.0015718731847946521,8.10939571858524e-06,256.0,0.13448798086809668,32,7,3,0.12767695792150427,32,7,1,0.20358553089255016,32,5,2,,,,,512,512,7,0.5655376647522359,18.0,3,Adam,,,,49.0,0.6627218934911243,0.630490593899905,"{""block_0_dropout"": 0.13448798086809668, ""block_0_filters"": 32, ""block_0_kernel"": 7, ""block_1_dropout"": 0.12767695792150427, ""block_1_filters"": 32, ""block_1_kernel"": 7, ""block_1_stride"": 1, ""block_2_dropout"": 0.20358553089255016, ""block_2_filters"": 32, ""block_2_kernel"": 5, ""block_2_stride"": 2, ""first_conv_filters"": 512, ""first_conv_kernel_size"": 7, ""n_blocks"": 3}",COMPLETE
70,0.6055796226495784,2026-09-20 18:55:45.106036,2026-09-20 19:18:43.980148,0 days 00:22:58.874112,0.8792589901134722,0.9699949701774015,0.0019429362916930002,7.329982254222732e-06,32.0,0.1364535251106942,32,7,3,0.14006548725662316,32,7,1,0.19884942095947317,32,5,2,,,,,512,512,7,0.563904416344227,18.0,3,Adam,,,,44.0,0.621301775147929,0.5898574701512278,"{""block_0_dropout"": 0.1364535251106942, ""block_0_filters"": 32, ""block_0_kernel"": 7, ""block_1_dropout"": 0.14006548725662316, ""block_1_filters"": 32, ""block_1_kernel"": 7, ""block_1_stride"": 1, ""block_2_dropout"": 0.19884942095947317, ""block_2_filters"": 32, ""block_2_kernel"": 5, ""block_2_stride"": 2, ""first_conv_filters"": 512, ""first_conv_kernel_size"": 7, ""n_blocks"": 3}",COMPLETE
71,0.4534087161085759,2026-09-20 19:18:44.099963,2026-09-20 19:34:22.142886,0 days 00:15:38.042923,0.8789436659077646,0.9685406116046152,0.002080049423265184,7.193284042678647e-06,32.0,0.14429027955079263,32,7,3,0.15112727568392095,32,7,1,0.22060365997608758,32,5,2,,,,,512,512,7,0.569306678542185,18.0,3,Adam,,,,,,,"{""block_0_dropout"": 0.14429027955079263, ""block_0_filters"": 32, ""block_0_kernel"": 7, ""block_1_dropout"": 0.15112727568392095, ""block_1_filters"": 32, ""block_1_kernel"": 7, ""block_1_stride"": 1, ""block_2_dropout"": 0.22060365997608758, ""block_2_filters"": 32, ""block_2_kernel"": 5, ""block_2_stride"": 2, ""first_conv_filters"": 512, ""first_conv_kernel_size"": 7, ""n_blocks"": 3}",PRUNED
72,0.5711234362640427,2026-09-20 19:34:22.259405,2026-09-20 19:57:21.565587,0 days 00:22:59.306182,0.8692674601506716,0.9533898978798122,0.001590759028435479,5.447406631415715e-06,32.0,0.11575310108781652,32,7,3,0.13086960720066587,32,7,1,0.17342491027334384,32,5,2,,,,,512,512,7,0.6828965078194864,19.0,3,Adam,,,,38.0,0.5857988165680473,0.556448055960038,"{""block_0_dropout"": 0.11575310108781652, ""block_0_filters"": 32, ""block_0_kernel"": 7, ""block_1_dropout"": 0.13086960720066587, ""block_1_filters"": 32, ""block_1_kernel"": 7, ""block_1_stride"": 1, ""block_2_dropout"": 0.17342491027334384, ""block_2_filters"": 32, ""block_2_kernel"": 5, ""block_2_stride"": 2, ""first_conv_filters"": 512, ""first_conv_kernel_size"": 7, ""n_blocks"": 3}",COMPLETE
73,0.3433194041202471,2026-09-20 19:57:21.677642,2026-09-20 20:01:57.811104,0 days 00:04:36.133462,0.8513870675601,0.9713268589427948,0.0032693164035185614,8.61346309149412e-06,32.0,0.1290287712993438,32,7,3,0.13923350446530477,32,7,1,0.2029049986609442,32,5,2,,,,,512,512,7,0.6001723085793567,17.0,3,Adam,,,,,,,"{""block_0_dropout"": 0.1290287712993438, ""block_0_filters"": 32, ""block_0_kernel"": 7, ""block_1_dropout"": 0.13923350446530477, ""block_1_filters"": 32, ""block_1_kernel"": 7, ""block_1_stride"": 1, ""block_2_dropout"": 0.2029049986609442, ""block_2_filters"": 32, ""block_2_kernel"": 5, ""block_2_stride"": 2, ""first_conv_filters"": 512, ""first_conv_kernel_size"": 7, ""n_blocks"": 3}",PRUNED
74,0.3854423534391108,2026-09-20 20:01:57.889980,2026-09-20 20:03:46.485969,0 days 00:01:48.595989,0.8870994400417281,0.9811689989352658,0.0022585547865183707,3.181090139501706e-06,32.0,0.12037249992302956,32,7,3,0.12255078425881392,32,7,1,0.19655015158391498,32,5,2,,,,,512,128,7,0.6378023486054418,18.0,3,Adam,,,,,,,"{""block_0_dropout"": 0.12037249992302956, ""block_0_filters"": 32, ""block_0_kernel"": 7, ""block_1_dropout"": 0.12255078425881392, ""block_1_filters"": 32, ""block_1_kernel"": 7, ""block_1_stride"": 1, ""block_2_dropout"": 0.19655015158391498, ""block_2_filters"": 32, ""block_2_kernel"": 5, ""block_2_stride"": 2, ""first_conv_filters"": 128, ""first_conv_kernel_size"": 7, ""n_blocks"": 3}",PRUNED
75,0.5859668300660203,2026-09-20 20:03:46.574697,2026-09-20 20:34:37.523418,0 days 00:30:50.948721,0.8745403767730904,0.9592282062163804,0.0017895805784134678,4.925000412236374e-06,128.0,0.14297985180189604,32,7,3,0.15180610678161302,32,7,1,0.20092469027099788,32,5,2,,,,,512,512,7,0.5582954850657934,19.0,3,Adam,,,,45.0,0.5976331360946746,0.5743005240373662,"{""block_0_dropout"": 0.14297985180189604, ""block_0_filters"": 32, ""block_0_kernel"": 7, ""block_1_dropout"": 0.15180610678161302, ""block_1_filters"": 32, ""block_1_kernel"": 7, ""block_1_stride"": 1, ""block_2_dropout"": 0.20092469027099788, ""block_2_filters"": 32, ""block_2_kernel"": 5, ""block_2_stride"": 2, ""first_conv_filters"": 512, ""first_conv_kernel_size"": 7, ""n_blocks"": 3}",COMPLETE
76,0.4694210690757001,2026-09-20 20:34:37.634809,2026-09-20 20:52:31.551283,0 days 00:17:53.916474,0.864288485407241,0.9766154171383863,0.0035394540840688344,1.9792251194532615e-05,128.0,0.1311404393725519,32,7,3,0.1310264066458355,32,7,1,0.23325936225320257,32,5,2,,,,,512,512,7,0.6785663727454607,20.0,3,Adam,,,,,,,"{""block_0_dropout"": 0.1311404393725519, ""block_0_filters"": 32, ""block_0_kernel"": 7, ""block_1_dropout"": 0.1310264066458355, ""block_1_filters"": 32, ""block_1_kernel"": 7, ""block_1_stride"": 1, ""block_2_dropout"": 0.23325936225320257, ""block_2_filters"": 32, ""block_2_kernel"": 5, ""block_2_stride"": 2, ""first_conv_filters"": 512, ""first_conv_kernel_size"": 7, ""n_blocks"": 3}",PRUNED
77,0.6576071646083703,2026-09-20 20:52:31.662228,2026-09-20 23:01:43.950413,0 days 02:09:12.288185,0.8795426957508785,0.9866255654055179,0.0009888892336883867,1.108170408611041e-05,256.0,0.1192256218803401,32,7,3,0.12177402407093396,32,7,1,0.11253208627227317,32,5,2,,,,,512,512,3,0.6216538376488017,16.0,3,Adam,,,,45.0,0.6686390532544378,0.6465752759623029,"{""block_0_dropout"": 0.1192256218803401, ""block_0_filters"": 32, ""block_0_kernel"": 7, ""block_1_dropout"": 0.12177402407093396, ""block_1_filters"": 32, ""block_1_kernel"": 7, ""block_1_stride"": 1, ""block_2_dropout"": 0.11253208627227317, ""block_2_filters"": 32, ""block_2_kernel"": 5, ""block_2_stride"": 2, ""first_conv_filters"": 512, ""first_conv_kernel_size"": 3, ""n_blocks"": 3}",COMPLETE
78,0.3464325277257305,2026-09-20 23:01:44.056309,2026-09-20 23:27:33.905961,0 days 00:25:49.849652,0.8823332875194989,0.9881323713306494,0.001047296090564942,6.76824872513154e-05,256.0,0.11778705679551497,32,7,3,0.1305933964211559,32,7,1,0.1078074673439041,32,5,2,,,,,512,512,3,0.6218413141168666,16.0,3,Adam,,,,,,,"{""block_0_dropout"": 0.11778705679551497, ""block_0_filters"": 32, ""block_0_kernel"": 7, ""block_1_dropout"": 0.1305933964211559, ""block_1_filters"": 32, ""block_1_kernel"": 7, ""block_1_stride"": 1, ""block_2_dropout"": 0.1078074673439041, ""block_2_filters"": 32, ""block_2_kernel"": 5, ""block_2_stride"": 2, ""first_conv_filters"": 512, ""first_conv_kernel_size"": 3, ""n_blocks"": 3}",PRUNED
79,0.6396969598446313,2026-09-20 23:27:33.999368,2026-09-20 23:30:33.013026,0 days 00:02:59.013658,0.8891138914167157,0.9831101199974174,0.0014596762897130708,1.1307054805834792e-05,256.0,0.12365740844674435,32,7,3,0.1149851664167528,32,7,1,0.11815401715870283,32,5,2,,,,,512,128,3,0.6447552868834393,15.0,3,Adam,,,,50.0,0.6568047337278107,0.6225891859614519,"{""block_0_dropout"": 0.12365740844674435, ""block_0_filters"": 32, ""block_0_kernel"": 7, ""block_1_dropout"": 0.1149851664167528, ""block_1_filters"": 32, ""block_1_kernel"": 7, ""block_1_stride"": 1, ""block_2_dropout"": 0.11815401715870283, ""block_2_filters"": 32, ""block_2_kernel"": 5, ""block_2_stride"": 2, ""first_conv_filters"": 128, ""first_conv_kernel_size"": 3, ""n_blocks"": 3}",COMPLETE
80,0.6062860415044816,2026-09-20 23:30:33.131845,2026-09-21 01:39:41.787950,0 days 02:09:08.656105,0.8915984938929744,0.9905637169776503,0.0014445297219652425,1.2950822860644709e-06,256.0,0.12114839578374087,32,7,3,0.11161218911072467,32,7,1,0.11669765011696542,32,5,2,,,,,512,512,3,0.6027776196525801,15.0,3,Adam,,,,50.0,0.6390532544378699,0.5735188285710934,"{""block_0_dropout"": 0.12114839578374087, ""block_0_filters"": 32, ""block_0_kernel"": 7, ""block_1_dropout"": 0.11161218911072467, ""block_1_filters"": 32, ""block_1_kernel"": 7, ""block_1_stride"": 1, ""block_2_dropout"": 0.11669765011696542, ""block_2_filters"": 32, ""block_2_kernel"": 5, ""block_2_stride"": 2, ""first_conv_filters"": 512, ""first_conv_kernel_size"": 3, ""n_blocks"": 3}",COMPLETE
81,0.5920052922393189,2026-09-21 01:39:41.895777,2026-09-21 03:48:52.288198,0 days 02:09:10.392421,0.8860057806727174,0.9841526408370538,0.0009185027037710641,1.0854673059731865e-05,256.0,0.11849953334289501,32,7,3,0.14131929331764137,32,7,1,0.12087262393021374,32,5,2,,,,,512,512,3,0.6508860335364317,14.0,3,Adam,,,,45.0,0.5976331360946746,0.5863774483839632,"{""block_0_dropout"": 0.11849953334289501, ""block_0_filters"": 32, ""block_0_kernel"": 7, ""block_1_dropout"": 0.14131929331764137, ""block_1_filters"": 32, ""block_1_kernel"": 7, ""block_1_stride"": 1, ""block_2_dropout"": 0.12087262393021374, ""block_2_filters"": 32, ""block_2_kernel"": 5, ""block_2_stride"": 2, ""first_conv_filters"": 512, ""first_conv_kernel_size"": 3, ""n_blocks"": 3}",COMPLETE
82,0.31527670921419637,2026-09-21 03:48:52.413936,2026-09-21 04:39:07.569051,0 days 00:50:15.155115,0.8936220894860043,0.9788953717813843,0.005287036104016468,1.0456309552424637e-05,256.0,0.15148855967100017,32,7,3,0.13067469686153269,32,7,1,0.21100398232460588,32,5,2,,,,,512,512,7,0.6316316691203909,16.0,3,Adam,,,,,,,"{""block_0_dropout"": 0.15148855967100017, ""block_0_filters"": 32, ""block_0_kernel"": 7, ""block_1_dropout"": 0.13067469686153269, ""block_1_filters"": 32, ""block_1_kernel"": 7, ""block_1_stride"": 1, ""block_2_dropout"": 0.21100398232460588, ""block_2_filters"": 32, ""block_2_kernel"": 5, ""block_2_stride"": 2, ""first_conv_filters"": 512, ""first_conv_kernel_size"": 7, ""n_blocks"": 3}",PRUNED
83,0.2806507776778705,2026-09-21 04:39:07.664075,2026-09-21 05:04:57.744179,0 days 00:25:50.080104,0.8842508952515058,0.9924249216794291,0.0006694690931480105,2.511957698527828e-06,256.0,0.10479560956906336,32,7,3,0.11187859200026526,32,7,1,0.10738273291797708,32,5,2,,,,,512,512,3,0.6852764091429682,13.0,3,Adam,,,,,,,"{""block_0_dropout"": 0.10479560956906336, ""block_0_filters"": 32, ""block_0_kernel"": 7, ""block_1_dropout"": 0.11187859200026526, ""block_1_filters"": 32, ""block_1_kernel"": 7, ""block_1_stride"": 1, ""block_2_dropout"": 0.10738273291797708, ""block_2_filters"": 32, ""block_2_kernel"": 5, ""block_2_stride"": 2, ""first_conv_filters"": 512, ""first_conv_kernel_size"": 3, ""n_blocks"": 3}",PRUNED
84,0.35604586497402735,2026-09-21 05:04:57.835933,2026-09-21 05:55:13.538718,0 days 00:50:15.702785,0.8601194592451822,0.9741552349356203,0.0012307382905522258,2.615358394286497e-05,256.0,0.14948764001176745,32,7,3,0.10883793396159772,32,7,1,0.18794311470814803,32,5,2,,,,,512,512,7,0.6999678385460488,20.0,3,Adam,,,,,,,"{""block_0_dropout"": 0.14948764001176745, ""block_0_filters"": 32, ""block_0_kernel"": 7, ""block_1_dropout"": 0.10883793396159772, ""block_1_filters"": 32, ""block_1_kernel"": 7, ""block_1_stride"": 1, ""block_2_dropout"": 0.18794311470814803, ""block_2_filters"": 32, ""block_2_kernel"": 5, ""block_2_stride"": 2, ""first_conv_filters"": 512, ""first_conv_kernel_size"": 7, ""n_blocks"": 3}",PRUNED
85,0.26412759239676675,2026-09-21 05:55:13.655045,2026-09-21 06:45:29.877235,0 days 00:50:16.222190,0.9045796923216933,0.9658078919799157,0.0001405283348077439,5.013087607365441e-05,256.0,0.1251713340923019,32,7,3,0.11266493407355091,32,7,1,0.2069374314658611,32,5,2,,,,,512,512,7,0.5881290384323795,15.0,3,Adam,,,,,,,"{""block_0_dropout"": 0.1251713340923019, ""block_0_filters"": 32, ""block_0_kernel"": 7, ""block_1_dropout"": 0.11266493407355091, ""block_1_filters"": 32, ""block_1_kernel"": 7, ""block_1_stride"": 1, ""block_2_dropout"": 0.2069374314658611, ""block_2_filters"": 32, ""block_2_kernel"": 5, ""block_2_stride"": 2, ""first_conv_filters"": 512, ""first_conv_kernel_size"": 7, ""n_blocks"": 3}",PRUNED
86,0.32261844775805215,2026-09-21 06:45:29.989586,2026-09-21 06:46:05.736906,0 days 00:00:35.747320,0.8730599231933587,0.9474230702360541,0.0004960564953892414,4.061194313606997e-06,256.0,0.11247897019969931,32,7,3,0.1200898723213209,32,7,1,0.11680378912015311,32,5,2,,,,,512,128,3,0.6641390985225328,17.0,3,Adam,,,,,,,"{""block_0_dropout"": 0.11247897019969931, ""block_0_filters"": 32, ""block_0_kernel"": 7, ""block_1_dropout"": 0.1200898723213209, ""block_1_filters"": 32, ""block_1_kernel"": 7, ""block_1_stride"": 1, ""block_2_dropout"": 0.11680378912015311, ""block_2_filters"": 32, ""block_2_kernel"": 5, ""block_2_stride"": 2, ""first_conv_filters"": 128, ""first_conv_kernel_size"": 3, ""n_blocks"": 3}",PRUNED
87,0.6121998940397532,2026-09-21 06:46:05.843412,2026-09-21 07:16:58.711753,0 days 00:30:52.868341,0.8889514300940097,0.9940508314861463,0.002614561708704544,1.9745393591544164e-05,128.0,0.10821629889405644,32,7,3,0.1352934565375069,32,7,1,0.11336279470418045,64,5,2,,,,,512,512,7,0.6134254795154415,15.0,3,Adam,,,,39.0,0.6272189349112426,0.5971808531682637,"{""block_0_dropout"": 0.10821629889405644, ""block_0_filters"": 32, ""block_0_kernel"": 7, ""block_1_dropout"": 0.1352934565375069, ""block_1_filters"": 32, ""block_1_kernel"": 7, ""block_1_stride"": 1, ""block_2_dropout"": 0.11336279470418045, ""block_2_filters"": 64, ""block_2_kernel"": 5, ""block_2_stride"": 2, ""first_conv_filters"": 512, ""first_conv_kernel_size"": 7, ""n_blocks"": 3}",COMPLETE
88,0.6036634634502083,2026-09-21 07:16:58.823263,2026-09-21 11:27:39.853432,0 days 04:10:41.030169,0.8905141499737096,0.9959462090395421,0.002683716479930648,6.549406141992355e-06,256.0,0.10072446255261563,32,7,3,0.17187838926238158,64,7,1,0.10143244730488483,32,5,2,,,,,512,512,7,0.6128732688860531,14.0,3,Adam,,,,45.0,0.6153846153846154,0.5919423115158012,"{""block_0_dropout"": 0.10072446255261563, ""block_0_filters"": 32, ""block_0_kernel"": 7, ""block_1_dropout"": 0.17187838926238158, ""block_1_filters"": 64, ""block_1_kernel"": 7, ""block_1_stride"": 1, ""block_2_dropout"": 0.10143244730488483, ""block_2_filters"": 32, ""block_2_kernel"": 5, ""block_2_stride"": 2, ""first_conv_filters"": 512, ""first_conv_kernel_size"": 7, ""n_blocks"": 3}",COMPLETE
89,0.31433299310728285,2026-09-21 11:27:39.964518,2026-09-21 11:33:51.113631,0 days 00:06:11.149113,0.906740529614998,0.984166234330108,0.00153225837295263,1.0157367842972673e-05,128.0,0.12771474197352659,32,7,3,0.1274151524765323,32,7,1,0.1147735388766247,64,5,2,,,,,512,512,7,0.6407228312963359,15.0,3,Adam,,,,,,,"{""block_0_dropout"": 0.12771474197352659, ""block_0_filters"": 32, ""block_0_kernel"": 7, ""block_1_dropout"": 0.1274151524765323, ""block_1_filters"": 32, ""block_1_kernel"": 7, ""block_1_stride"": 1, ""block_2_dropout"": 0.1147735388766247, ""block_2_filters"": 64, ""block_2_kernel"": 5, ""block_2_stride"": 2, ""first_conv_filters"": 512, ""first_conv_kernel_size"": 7, ""n_blocks"": 3}",PRUNED
90,0.2581674267962268,2026-09-21 11:33:51.234754,2026-09-21 11:38:25.648671,0 days 00:04:34.413917,0.9103122791812891,0.9937989131711897,0.0011487231188057486,0.0061442617165942,64.0,0.11276787505078784,32,7,3,0.12334979374233312,32,7,1,0.2262487787881124,32,5,2,,,,,512,512,7,0.5401827175425151,13.0,3,Adam,,,,,,,"{""block_0_dropout"": 0.11276787505078784, ""block_0_filters"": 32, ""block_0_kernel"": 7, ""block_1_dropout"": 0.12334979374233312, ""block_1_filters"": 32, ""block_1_kernel"": 7, ""block_1_stride"": 1, ""block_2_dropout"": 0.2262487787881124, ""block_2_filters"": 32, ""block_2_kernel"": 5, ""block_2_stride"": 2, ""first_conv_filters"": 512, ""first_conv_kernel_size"": 7, ""n_blocks"": 3}",PRUNED
91,0.318599982589457,2026-09-21 11:38:25.768949,2026-09-21 11:44:37.027693,0 days 00:06:11.258744,0.8684316820157166,0.9850816794672467,0.0034577141084230346,2.044379388103715e-05,128.0,0.11443592790015913,32,7,3,0.14890388099547627,32,7,1,0.10661911832635892,32,5,2,,,,,512,512,7,0.6508711952257561,15.0,3,Adam,,,,,,,"{""block_0_dropout"": 0.11443592790015913, ""block_0_filters"": 32, ""block_0_kernel"": 7, ""block_1_dropout"": 0.14890388099547627, ""block_1_filters"": 32, ""block_1_kernel"": 7, ""block_1_stride"": 1, ""block_2_dropout"": 0.10661911832635892, ""block_2_filters"": 32, ""block_2_kernel"": 5, ""block_2_stride"": 2, ""first_conv_filters"": 512, ""first_conv_kernel_size"": 7, ""n_blocks"": 3}",PRUNED
92,0.3184136438754885,2026-09-21 11:44:37.143522,2026-09-21 11:47:14.153851,0 days 00:02:37.010329,0.8814038800942339,0.9779830006209144,0.002440259162435998,1.6133717377714466e-05,128.0,0.13907796664517227,32,7,3,0.12170802696153087,32,7,1,0.11410668616812858,32,5,2,,,,,512,512,3,0.6784649830952942,19.0,3,Adam,,,,,,,"{""block_0_dropout"": 0.13907796664517227, ""block_0_filters"": 32, ""block_0_kernel"": 7, ""block_1_dropout"": 0.12170802696153087, ""block_1_filters"": 32, ""block_1_kernel"": 7, ""block_1_stride"": 1, ""block_2_dropout"": 0.11410668616812858, ""block_2_filters"": 32, ""block_2_kernel"": 5, ""block_2_stride"": 2, ""first_conv_filters"": 512, ""first_conv_kernel_size"": 3, ""n_blocks"": 3}",PRUNED
93,0.6312673937152906,2026-09-21 11:47:14.256243,2026-09-21 12:18:09.318031,0 days 00:30:55.061788,0.877373141122377,0.9821013016712158,0.0009137742928024833,3.054254937131156e-05,128.0,0.10798483210784451,32,7,3,0.10891627443416096,32,7,1,0.16900348798910247,32,5,2,,,,,512,512,7,0.3700319344734549,16.0,3,Adam,,,,49.0,0.6449704142011834,0.617564373229398,"{""block_0_dropout"": 0.10798483210784451, ""block_0_filters"": 32, ""block_0_kernel"": 7, ""block_1_dropout"": 0.10891627443416096, ""block_1_filters"": 32, ""block_1_kernel"": 7, ""block_1_stride"": 1, ""block_2_dropout"": 0.16900348798910247, ""block_2_filters"": 32, ""block_2_kernel"": 5, ""block_2_stride"": 2, ""first_conv_filters"": 512, ""first_conv_kernel_size"": 7, ""n_blocks"": 3}",COMPLETE
94,0.425155128356275,2026-09-21 12:18:09.439793,2026-09-21 12:31:14.693995,0 days 00:13:05.254202,0.896133426146275,0.9905202025299187,0.0009444413302632815,0.00017342646725114727,128.0,0.10550238706709485,32,7,3,0.12148110409507865,32,7,1,0.18615250353544352,32,5,2,,,,,512,512,7,0.2863902248458174,16.0,3,Adam,,,,,,,"{""block_0_dropout"": 0.10550238706709485, ""block_0_filters"": 32, ""block_0_kernel"": 7, ""block_1_dropout"": 0.12148110409507865, ""block_1_filters"": 32, ""block_1_kernel"": 7, ""block_1_stride"": 1, ""block_2_dropout"": 0.18615250353544352, ""block_2_filters"": 32, ""block_2_kernel"": 5, ""block_2_stride"": 2, ""first_conv_filters"": 512, ""first_conv_kernel_size"": 7, ""n_blocks"": 3}",PRUNED
95,0.569430376746928,2026-09-21 12:31:14.814680,2026-09-21 13:02:08.967802,0 days 00:30:54.153122,0.8841481622168387,0.9825321434644979,0.0005597036989059222,3.329533293424291e-05,128.0,0.1125247760918607,32,7,3,0.13277523631778024,32,7,1,0.11966238896687,64,5,2,,,,,512,512,7,0.33308961512236074,16.0,3,Adam,,,,49.0,0.5621301775147929,0.5767305759790632,"{""block_0_dropout"": 0.1125247760918607, ""block_0_filters"": 32, ""block_0_kernel"": 7, ""block_1_dropout"": 0.13277523631778024, ""block_1_filters"": 32, ""block_1_kernel"": 7, ""block_1_stride"": 1, ""block_2_dropout"": 0.11966238896687, ""block_2_filters"": 64, ""block_2_kernel"": 5, ""block_2_stride"": 2, ""first_conv_filters"": 512, ""first_conv_kernel_size"": 7, ""n_blocks"": 3}",COMPLETE
96,0.37165412682815707,2026-09-21 13:02:09.124846,2026-09-21 13:33:46.743924,0 days 00:31:37.619078,0.8882945946452627,0.9360770899815474,0.0008554928851627217,1.1927109111343353e-05,256.0,0.13192337831520173,32,7,3,0.11203446334000618,32,7,1,0.10531960382835398,32,5,2,,,,,512,512,3,0.1722804204672363,17.0,3,Adam,,,,,,,"{""block_0_dropout"": 0.13192337831520173, ""block_0_filters"": 32, ""block_0_kernel"": 7, ""block_1_dropout"": 0.11203446334000618, ""block_1_filters"": 32, ""block_1_kernel"": 7, ""block_1_stride"": 1, ""block_2_dropout"": 0.10531960382835398, ""block_2_filters"": 32, ""block_2_kernel"": 5, ""block_2_stride"": 2, ""first_conv_filters"": 512, ""first_conv_kernel_size"": 3, ""n_blocks"": 3}",PRUNED
97,0.6614598429820737,2026-09-21 13:33:46.887047,2026-09-21 14:05:39.956140,0 days 00:31:53.069093,0.9027962685421446,0.9305038891420134,0.0007696374472469519,9.320157327940417e-06,128.0,0.1084516036699596,32,7,3,0.11298236093445059,32,7,1,0.17270365179076394,32,5,2,,,,,512,512,7,0.42573691327015434,14.0,3,Adam,,,,47.0,0.6804733727810651,0.6424463131830824,"{""block_0_dropout"": 0.1084516036699596, ""block_0_filters"": 32, ""block_0_kernel"": 7, ""block_1_dropout"": 0.11298236093445059, ""block_1_filters"": 32, ""block_1_kernel"": 7, ""block_1_stride"": 1, ""block_2_dropout"": 0.17270365179076394, ""block_2_filters"": 32, ""block_2_kernel"": 5, ""block_2_stride"": 2, ""first_conv_filters"": 512, ""first_conv_kernel_size"": 7, ""n_blocks"": 3}",COMPLETE
98,0.4053322514843276,2026-09-21 14:05:40.074478,2026-09-21 14:13:32.832221,0 days 00:07:52.757743,0.9151032110559238,0.9259631372767256,0.0006630250521460774,8.481147931335336e-06,64.0,0.11325400150606782,32,7,3,0.13796707722602075,32,7,1,0.22632831467198344,32,5,2,,,,,512,512,7,0.38162840743668314,14.0,3,Adam,,,,,,,"{""block_0_dropout"": 0.11325400150606782, ""block_0_filters"": 32, ""block_0_kernel"": 7, ""block_1_dropout"": 0.13796707722602075, ""block_1_filters"": 32, ""block_1_kernel"": 7, ""block_1_stride"": 1, ""block_2_dropout"": 0.22632831467198344, ""block_2_filters"": 32, ""block_2_kernel"": 5, ""block_2_stride"": 2, ""first_conv_filters"": 512, ""first_conv_kernel_size"": 7, ""n_blocks"": 3}",PRUNED
99,0.3178057952399563,2026-09-21 14:13:32.958978,2026-09-21 14:19:55.114395,0 days 00:06:22.155417,0.90146909139919,0.9295876302416333,0.0003731696150305304,2.9376994841530983e-06,128.0,0.10720707662917175,32,7,3,0.10474981656412417,32,7,1,0.18025924177537267,32,5,2,,,,,512,512,7,0.36695205840623263,12.0,3,Adam,,,,,,,"{""block_0_dropout"": 0.10720707662917175, ""block_0_filters"": 32, ""block_0_kernel"": 7, ""block_1_dropout"": 0.10474981656412417, ""block_1_filters"": 32, ""block_1_kernel"": 7, ""block_1_stride"": 1, ""block_2_dropout"": 0.18025924177537267, ""block_2_filters"": 32, ""block_2_kernel"": 5, ""block_2_stride"": 2, ""first_conv_filters"": 512, ""first_conv_kernel_size"": 7, ""n_blocks"": 3}",PRUNED
