number,value,datetime_start,datetime_complete,duration,params_adam_beta1,params_adam_beta2,params_adam_lr,params_adam_wd,params_batch_size,params_block_0_filters,params_block_0_kernel_pair,params_block_1_filters,params_block_1_kernel_pair,params_block_2_filters,params_block_2_kernel_pair,params_lr_decay,params_lr_step_size,params_n_blocks,params_optimizer,params_sgd_lr,params_sgd_momentum,params_sgd_wd,user_attrs_best_epoch,user_attrs_validation_accuracy,user_attrs_validation_macro_f1,system_attrs_tpe:relative_params:0,state
0,0.5857945411701431,2026-10-02 19:22:39.423267,2026-10-02 19:22:45.907856,0 days 00:00:06.484589,0.8907720796277259,0.9611241041827657,0.0011207606211860567,5.34293726127978e-05,200,8,"(5, 7)",64.0,"(3, 5)",,,0.1814650918408482,14,2,Adam,,,,38.0,0.5951612903225807,0.5764277920177056,,COMPLETE
1,0.5453673342800052,2026-10-02 19:22:46.014621,2026-10-02 19:22:59.787219,0 days 00:00:13.772598,0.8936395506525175,0.9519547953156633,0.00032927591344236165,0.0004467752817973908,64,32,"(5, 7)",8.0,"(5, 7)",,,0.13318450498648718,26,2,Adam,,,,45.0,0.5411290322580645,0.5496056363019459,,COMPLETE
2,0.2685988197218455,2026-10-02 19:22:59.847065,2026-10-02 19:23:13.294612,0 days 00:00:13.447547,,,,,64,8,"(3, 7)",8.0,"(3, 7)",,,0.3780532256184443,31,2,SGD,0.00039459088111000007,0.7016014139658446,0.0018274508859816032,48.0,0.3024193548387097,0.2347782846049813,,COMPLETE
3,0.6842636475759474,2026-10-02 19:23:13.376954,2026-10-02 19:23:19.818210,0 days 00:00:06.441256,0.9074536092249882,0.9754795587404506,0.006533305220227739,9.935023909063694e-06,200,8,"(3, 7)",8.0,"(5, 7)",16.0,"(5, 7)",0.08464095942295685,17,3,Adam,,,,48.0,0.6782258064516129,0.6903014887002819,,COMPLETE
4,0.2940777922271063,2026-10-02 19:23:19.883409,2026-10-02 19:23:24.892392,0 days 00:00:05.008983,,,,,256,64,"(5, 7)",64.0,"(3, 7)",,,0.19544131940933984,39,2,SGD,0.00046379219034580355,0.734760956526768,2.2410971619109514e-05,39.0,0.3032258064516129,0.2849297780025996,,COMPLETE
5,0.2907619264891236,2026-10-02 19:23:24.956472,2026-10-02 19:23:26.655509,0 days 00:00:01.699037,,,,,128,16,"(3, 7)",32.0,"(5, 7)",32.0,"(3, 5)",0.06834881369964377,15,3,SGD,0.00018658181360124853,0.942237723720879,1.91920011015619e-05,,,,,PRUNED
6,0.33326654203250944,2026-10-02 19:23:26.713488,2026-10-02 19:23:28.034022,0 days 00:00:01.320534,0.942397766444785,0.9816404978001014,0.005684322462212271,1.0758866306767913e-05,256,32,"(3, 5)",,,,,0.28834276026020295,27,1,Adam,,,,,,,,PRUNED
7,0.7953934519937134,2026-10-02 19:23:28.102733,2026-10-02 19:23:33.430635,0 days 00:00:05.327902,0.941274576330364,0.92240450401511,0.0012516058337570376,0.0005855726588796257,256,64,"(3, 5)",32.0,"(5, 7)",,,0.15676208937356004,32,2,Adam,,,,50.0,0.7983870967741935,0.7923998072132333,,COMPLETE
8,0.16900702232586443,2026-10-02 19:23:33.564421,2026-10-02 19:23:34.583647,0 days 00:00:01.019226,,,,,256,8,"(3, 7)",8.0,"(3, 5)",,,0.4792678596511643,39,2,SGD,0.00011828996391101285,0.8871869658130787,5.110256715654393e-06,,,,,PRUNED
9,0.370110388460518,2026-10-02 19:23:34.641977,2026-10-02 19:23:35.576804,0 days 00:00:00.934827,,,,,256,8,"(3, 7)",32.0,"(5, 7)",,,0.36611783779419915,31,2,SGD,0.003589128083678789,0.9544381908591071,0.0009184900818511545,,,,,PRUNED
10,0.28047843511499126,2026-10-02 19:23:35.635547,2026-10-02 19:23:36.706910,0 days 00:00:01.071363,0.9881813506773844,0.9013373952876331,0.00014291920214791584,0.009320745757067903,256,8,"(3, 5)",16.0,"(5, 7)",8.0,"(3, 7)",0.2184694173001437,40,3,Adam,,,,,,,"{""batch_size"": 256, ""block_0_filters"": 8, ""block_0_kernel_pair"": ""(3, 5)"", ""lr_decay"": 0.2184694173001437, ""lr_step_size"": 40, ""n_blocks"": 3, ""optimizer"": ""Adam""}",PRUNED
11,0.8748766768628178,2026-10-02 19:23:36.765284,2026-10-02 19:23:43.895763,0 days 00:00:07.130479,0.93113467430562,0.9139469954311238,0.008817388118859881,1.274888893339558e-06,200,8,"(3, 7)",32.0,"(5, 7)",16.0,"(5, 7)",0.09513426833797826,26,3,Adam,,,,44.0,0.8879032258064516,0.861850127919184,"{""batch_size"": 200, ""block_0_filters"": 8, ""block_0_kernel_pair"": ""(3, 7)"", ""lr_decay"": 0.09513426833797826, ""lr_step_size"": 26, ""n_blocks"": 3, ""optimizer"": ""Adam""}",COMPLETE
12,0.8722244378842856,2026-10-02 19:23:43.959125,2026-10-02 19:23:49.800580,0 days 00:00:05.841455,0.9463521316730279,0.9159371367408541,0.0015192022573669321,2.1962207092537244e-06,256,64,"(3, 5)",32.0,"(5, 7)",16.0,"(5, 7)",0.18067520552738012,31,3,Adam,,,,43.0,0.8870967741935484,0.857352101575023,"{""batch_size"": 256, ""block_0_filters"": 64, ""block_0_kernel_pair"": ""(3, 5)"", ""lr_decay"": 0.18067520552738012, ""lr_step_size"": 31, ""n_blocks"": 3, ""optimizer"": ""Adam""}",COMPLETE
13,0.8991637917470054,2026-10-02 19:23:49.870253,2026-10-02 19:24:07.652235,0 days 00:00:17.781982,0.9434967983288177,0.9233963217362124,0.002569532796402451,1.174810323158372e-06,64,64,"(3, 5)",32.0,"(5, 7)",16.0,"(5, 7)",0.3019476079660363,32,3,Adam,,,,48.0,0.9129032258064517,0.8854243576875593,"{""batch_size"": 64, ""block_0_filters"": 64, ""block_0_kernel_pair"": ""(3, 5)"", ""lr_decay"": 0.3019476079660363, ""lr_step_size"": 32, ""n_blocks"": 3, ""optimizer"": ""Adam""}",COMPLETE
14,0.8964112870280228,2026-10-02 19:24:07.716712,2026-10-02 19:24:25.013905,0 days 00:00:17.297193,0.8544075846729057,0.9332875754409445,0.009317283865085214,1.024229275300472e-06,64,8,"(3, 5)",32.0,"(5, 7)",16.0,"(5, 7)",0.30246971657198307,33,3,Adam,,,,44.0,0.9064516129032258,0.8863709611528195,"{""batch_size"": 64, ""block_0_filters"": 8, ""block_0_kernel_pair"": ""(3, 5)"", ""lr_decay"": 0.30246971657198307, ""lr_step_size"": 33, ""n_blocks"": 3, ""optimizer"": ""Adam""}",COMPLETE
15,0.9188754139410772,2026-10-02 19:24:25.089625,2026-10-02 19:24:42.794171,0 days 00:00:17.704546,0.8550826738524966,0.9376148994359442,0.003050312450926751,1.7355969044171037e-06,64,64,"(3, 5)",16.0,"(3, 7)",64.0,"(5, 7)",0.37988687938453447,29,3,Adam,,,,40.0,0.9298387096774193,0.907912118204735,"{""batch_size"": 64, ""block_0_filters"": 64, ""block_0_kernel_pair"": ""(3, 5)"", ""lr_decay"": 0.37988687938453447, ""lr_step_size"": 29, ""n_blocks"": 3, ""optimizer"": ""Adam""}",COMPLETE
16,0.8946534961784826,2026-10-02 19:24:42.867006,2026-10-02 19:24:52.149506,0 days 00:00:09.282500,0.8517158284910924,0.9400565271414598,0.002825411331488788,5.9987673682943866e-06,128,64,"(3, 5)",16.0,"(3, 7)",64.0,"(5, 7)",0.2936915213693014,25,3,Adam,,,,43.0,0.9120967741935484,0.8772102181634167,"{""batch_size"": 128, ""block_0_filters"": 64, ""block_0_kernel_pair"": ""(3, 5)"", ""lr_decay"": 0.2936915213693014, ""lr_step_size"": 25, ""n_blocks"": 3, ""optimizer"": ""Adam""}",COMPLETE
17,0.4484524285213817,2026-10-02 19:24:52.206591,2026-10-02 19:24:54.826324,0 days 00:00:02.619733,0.9894715538167344,0.9402848487543629,0.002809159830375995,3.601020748500995e-05,64,64,"(3, 5)",16.0,"(3, 7)",,,0.3717679094059647,20,2,Adam,,,,,,,"{""batch_size"": 64, ""block_0_filters"": 64, ""block_0_kernel_pair"": ""(3, 5)"", ""lr_decay"": 0.3717679094059647, ""lr_step_size"": 20, ""n_blocks"": 2, ""optimizer"": ""Adam""}",PRUNED
18,0.8995457692717244,2026-10-02 19:24:54.894643,2026-10-02 19:25:02.780167,0 days 00:00:07.885524,0.8729670711843953,0.9568294849044786,0.002968835783743788,4.1425388325083e-06,200,64,"(3, 5)",16.0,"(3, 7)",64.0,"(3, 5)",0.419142372116532,32,3,Adam,,,,50.0,0.9145161290322581,0.8845754095111905,"{""batch_size"": 200, ""block_0_filters"": 64, ""block_0_kernel_pair"": ""(3, 5)"", ""lr_decay"": 0.419142372116532, ""lr_step_size"": 32, ""n_blocks"": 3, ""optimizer"": ""Adam""}",COMPLETE
19,0.44806615986267284,2026-10-02 19:25:02.868058,2026-10-02 19:25:04.294693,0 days 00:00:01.426635,0.875134304539072,0.9996472358652493,0.0005221298701815954,3.681795720269191e-05,200,64,"(3, 5)",16.0,"(3, 7)",,,0.4668552195311224,34,2,Adam,,,,,,,"{""batch_size"": 200, ""block_0_filters"": 64, ""block_0_kernel_pair"": ""(3, 5)"", ""lr_decay"": 0.4668552195311224, ""lr_step_size"": 34, ""n_blocks"": 2, ""optimizer"": ""Adam""}",PRUNED
20,0.9030748695761193,2026-10-02 19:25:04.367833,2026-10-02 19:25:15.388036,0 days 00:00:11.020203,0.8715840925743195,0.9558724628760138,0.004262402727044875,6.054089361764505e-06,128,64,"(3, 5)",16.0,"(3, 7)",64.0,"(3, 5)",0.47583519348863984,31,3,Adam,,,,32.0,0.917741935483871,0.8884078036683675,"{""batch_size"": 128, ""block_0_filters"": 64, ""block_0_kernel_pair"": ""(3, 5)"", ""lr_decay"": 0.47583519348863984, ""lr_step_size"": 31, ""n_blocks"": 3, ""optimizer"": ""Adam""}",COMPLETE
21,0.9125762133602754,2026-10-02 19:25:15.473308,2026-10-02 19:25:35.293326,0 days 00:00:19.820018,0.8708333178271483,0.9565420781359628,0.004020216170568641,4.913565998598439e-06,64,64,"(3, 5)",16.0,"(3, 7)",64.0,"(3, 5)",0.49737747695968565,24,3,Adam,,,,50.0,0.9266129032258065,0.8985395234947443,"{""batch_size"": 64, ""block_0_filters"": 64, ""block_0_kernel_pair"": ""(3, 5)"", ""lr_decay"": 0.49737747695968565, ""lr_step_size"": 24, ""n_blocks"": 3, ""optimizer"": ""Adam""}",COMPLETE
22,0.9147741225021362,2026-10-02 19:25:35.355810,2026-10-02 19:25:56.647476,0 days 00:00:21.291666,0.8696687691196349,0.9692584166960443,0.004632760254999989,1.1133131631089512e-05,64,8,"(3, 5)",16.0,"(3, 7)",64.0,"(3, 5)",0.47274013168518236,28,3,Adam,,,,46.0,0.9314516129032258,0.8980966321010465,"{""batch_size"": 64, ""block_0_filters"": 8, ""block_0_kernel_pair"": ""(3, 5)"", ""lr_decay"": 0.47274013168518236, ""lr_step_size"": 28, ""n_blocks"": 3, ""optimizer"": ""Adam""}",COMPLETE
23,0.9168867027885033,2026-10-02 19:25:56.744547,2026-10-02 19:26:14.774813,0 days 00:00:18.030266,0.8637043809730981,0.966348655986608,0.0046379900942033,2.750303267437071e-05,64,64,"(3, 5)",16.0,"(3, 7)",64.0,"(3, 5)",0.419495204118823,40,3,Adam,,,,41.0,0.925,0.9087734055770066,"{""batch_size"": 64, ""block_0_filters"": 64, ""block_0_kernel_pair"": ""(3, 5)"", ""lr_decay"": 0.419495204118823, ""lr_step_size"": 40, ""n_blocks"": 3, ""optimizer"": ""Adam""}",COMPLETE
24,0.9143175282960829,2026-10-02 19:26:14.842701,2026-10-02 19:26:32.462869,0 days 00:00:17.620168,0.8587405778843084,0.9767460245085584,0.001793279816711582,0.00010184257174636505,64,64,"(5, 7)",16.0,"(3, 7)",64.0,"(3, 5)",0.4773682571737069,38,3,Adam,,,,42.0,0.9217741935483871,0.9068608630437787,"{""batch_size"": 64, ""block_0_filters"": 64, ""block_0_kernel_pair"": ""(5, 7)"", ""lr_decay"": 0.4773682571737069, ""lr_step_size"": 38, ""n_blocks"": 3, ""optimizer"": ""Adam""}",COMPLETE
25,0.9224617586253221,2026-10-02 19:26:32.558325,2026-10-02 19:26:51.277716,0 days 00:00:18.719391,0.887955914188207,0.9673241550257475,0.005099326293202399,1.567707539478124e-05,64,64,"(3, 5)",16.0,"(3, 7)",64.0,"(3, 7)",0.4300427026353682,40,3,Adam,,,,42.0,0.9282258064516129,0.9166977107990312,"{""batch_size"": 64, ""block_0_filters"": 64, ""block_0_kernel_pair"": ""(3, 5)"", ""lr_decay"": 0.4300427026353682, ""lr_step_size"": 40, ""n_blocks"": 3, ""optimizer"": ""Adam""}",COMPLETE
26,0.8614691336107914,2026-10-02 19:26:51.336988,2026-10-02 19:27:04.242252,0 days 00:00:12.905264,0.8928264695356672,0.9938801749889042,0.0008989659288459119,0.00013934596504811307,64,64,"(3, 5)",16.0,"(3, 5)",64.0,"(3, 7)",0.4239150490932287,36,3,Adam,,,,,,,"{""batch_size"": 64, ""block_0_filters"": 64, ""block_0_kernel_pair"": ""(3, 5)"", ""lr_decay"": 0.4239150490932287, ""lr_step_size"": 36, ""n_blocks"": 3, ""optimizer"": ""Adam""}",PRUNED
27,0.634048377050693,2026-10-02 19:27:04.313496,2026-10-02 19:27:07.241685,0 days 00:00:02.928189,0.9096206773294153,0.9878653055291969,0.0020619056760385547,2.6848634002162074e-05,64,16,"(3, 5)",64.0,"(3, 7)",,,0.3980162496429941,39,2,Adam,,,,,,,"{""batch_size"": 64, ""block_0_filters"": 16, ""block_0_kernel_pair"": ""(3, 5)"", ""lr_decay"": 0.3980162496429941, ""lr_step_size"": 39, ""n_blocks"": 2, ""optimizer"": ""Adam""}",PRUNED
28,0.5375559265001415,2026-10-02 19:27:07.336812,2026-10-02 19:27:10.109275,0 days 00:00:02.772463,0.8840620823558001,0.968506690386759,0.006987801883152836,1.798409749345518e-05,64,64,"(3, 5)",16.0,"(3, 7)",,,0.3305627741205096,37,2,Adam,,,,,,,"{""batch_size"": 64, ""block_0_filters"": 64, ""block_0_kernel_pair"": ""(3, 5)"", ""lr_decay"": 0.3305627741205096, ""lr_step_size"": 37, ""n_blocks"": 2, ""optimizer"": ""Adam""}",PRUNED
29,0.22939377572155878,2026-10-02 19:27:10.190395,2026-10-02 19:27:13.697648,0 days 00:00:03.507253,,,,,64,64,"(5, 7)",16.0,"(3, 7)",32.0,"(3, 7)",0.3510824492614105,39,3,SGD,0.0673026178907809,0.8165281537576656,0.009621592252734578,,,,"{""batch_size"": 64, ""block_0_filters"": 64, ""block_0_kernel_pair"": ""(5, 7)"", ""lr_decay"": 0.3510824492614105, ""lr_step_size"": 39, ""n_blocks"": 3, ""optimizer"": ""SGD""}",PRUNED
30,0.5576717142814885,2026-10-02 19:27:13.763012,2026-10-02 19:27:17.694639,0 days 00:00:03.931627,0.9058081304714859,0.9437112595817372,0.004206810781338998,0.0002577750669258413,64,64,"(3, 5)",64.0,"(3, 5)",8.0,"(3, 7)",0.2573840994068437,39,3,Adam,,,,,,,"{""batch_size"": 64, ""block_0_filters"": 64, ""block_0_kernel_pair"": ""(3, 5)"", ""lr_decay"": 0.2573840994068437, ""lr_step_size"": 39, ""n_blocks"": 3, ""optimizer"": ""Adam""}",PRUNED
31,0.8998336518760803,2026-10-02 19:27:17.759828,2026-10-02 19:27:35.095475,0 days 00:00:17.335647,0.862688927974422,0.9662078843503663,0.004880667532101325,1.4473584420615738e-05,64,8,"(3, 5)",16.0,"(3, 7)",64.0,"(3, 5)",0.41816350287933335,25,3,Adam,,,,39.0,0.9169354838709678,0.8827318198811928,"{""batch_size"": 64, ""block_0_filters"": 8, ""block_0_kernel_pair"": ""(3, 5)"", ""lr_decay"": 0.41816350287933335, ""lr_step_size"": 25, ""n_blocks"": 3, ""optimizer"": ""Adam""}",COMPLETE
32,0.9262063553695947,2026-10-02 19:27:35.169541,2026-10-02 19:27:46.449619,0 days 00:00:11.280078,0.8823965013486403,0.9707553960211912,0.003633391156464177,3.090859645019762e-06,128,64,"(5, 7)",16.0,"(3, 7)",64.0,"(3, 5)",0.41815877156859654,21,3,Adam,,,,42.0,0.932258064516129,0.9201546462230603,"{""batch_size"": 128, ""block_0_filters"": 64, ""block_0_kernel_pair"": ""(5, 7)"", ""lr_decay"": 0.41815877156859654, ""lr_step_size"": 21, ""n_blocks"": 3, ""optimizer"": ""Adam""}",COMPLETE
33,0.9050186520911856,2026-10-02 19:27:46.515563,2026-10-02 19:27:55.631616,0 days 00:00:09.116053,0.8834994059595366,0.9494427798853768,0.0036656047368973975,2.2494893536580083e-06,128,64,"(5, 7)",16.0,"(3, 7)",64.0,"(3, 7)",0.40973301223569425,22,3,Adam,,,,48.0,0.9225806451612903,0.887456659021081,"{""batch_size"": 128, ""block_0_filters"": 64, ""block_0_kernel_pair"": ""(5, 7)"", ""lr_decay"": 0.40973301223569425, ""lr_step_size"": 22, ""n_blocks"": 3, ""optimizer"": ""Adam""}",COMPLETE
34,0.9025438100423528,2026-10-02 19:27:55.688640,2026-10-02 19:28:02.370753,0 days 00:00:06.682113,0.8819561735256644,0.9856871947600853,0.0020855939074255455,2.6528532681486716e-06,200,64,"(3, 5)",16.0,"(3, 7)",64.0,"(3, 5)",0.3277042344053046,14,3,Adam,,,,45.0,0.917741935483871,0.8873456846008348,"{""batch_size"": 200, ""block_0_filters"": 64, ""block_0_kernel_pair"": ""(3, 5)"", ""lr_decay"": 0.3277042344053046, ""lr_step_size"": 14, ""n_blocks"": 3, ""optimizer"": ""Adam""}",COMPLETE
35,0.6416772617273911,2026-10-02 19:28:02.434236,2026-10-02 19:28:03.778602,0 days 00:00:01.344366,0.8621188507935406,0.9765401757338887,0.007095623065657704,3.1031563536953964e-06,256,64,"(5, 7)",8.0,"(3, 7)",64.0,"(3, 7)",0.3600636472827399,31,3,Adam,,,,,,,"{""batch_size"": 256, ""block_0_filters"": 64, ""block_0_kernel_pair"": ""(5, 7)"", ""lr_decay"": 0.3600636472827399, ""lr_step_size"": 31, ""n_blocks"": 3, ""optimizer"": ""Adam""}",PRUNED
36,0.919002774591291,2026-10-02 19:28:03.842647,2026-10-02 19:28:20.877474,0 days 00:00:17.034827,0.896624448170836,0.9616069166059281,0.003324669317777981,7.572176937854667e-05,64,8,"(3, 5)",16.0,"(3, 5)",64.0,"(3, 5)",0.34065580040375193,26,3,Adam,,,,47.0,0.9233870967741935,0.9146184524083883,"{""batch_size"": 64, ""block_0_filters"": 8, ""block_0_kernel_pair"": ""(3, 5)"", ""lr_decay"": 0.34065580040375193, ""lr_step_size"": 26, ""n_blocks"": 3, ""optimizer"": ""Adam""}",COMPLETE
37,0.9092165664382348,2026-10-02 19:28:20.940383,2026-10-02 19:28:36.659441,0 days 00:00:15.719058,0.9184042233928648,0.9618213210910308,0.0009808603605629112,6.288066444211905e-05,64,8,"(3, 7)",64.0,"(3, 5)",64.0,"(3, 5)",0.3711252331795568,26,3,Adam,,,,46.0,0.9233870967741935,0.8950460361022762,"{""batch_size"": 64, ""block_0_filters"": 8, ""block_0_kernel_pair"": ""(3, 7)"", ""lr_decay"": 0.3711252331795568, ""lr_step_size"": 26, ""n_blocks"": 3, ""optimizer"": ""Adam""}",COMPLETE
38,0.40492392269185734,2026-10-02 19:28:36.716872,2026-10-02 19:28:38.669459,0 days 00:00:01.952587,,,,,128,64,"(5, 7)",8.0,"(3, 5)",8.0,"(3, 7)",0.45397952414214116,24,3,SGD,0.09863866696364049,0.8138144393426622,0.00011626751875785323,,,,"{""batch_size"": 128, ""block_0_filters"": 64, ""block_0_kernel_pair"": ""(5, 7)"", ""lr_decay"": 0.45397952414214116, ""lr_step_size"": 24, ""n_blocks"": 3, ""optimizer"": ""SGD""}",PRUNED
39,0.6710242441573169,2026-10-02 19:28:38.727890,2026-10-02 19:28:40.847640,0 days 00:00:02.119750,0.8952420775898109,0.9478808331074475,0.003310343456689299,7.070619348868065e-05,128,64,"(5, 7)",16.0,"(3, 5)",32.0,"(5, 7)",0.3865246864465488,11,3,Adam,,,,,,,"{""batch_size"": 128, ""block_0_filters"": 64, ""block_0_kernel_pair"": ""(5, 7)"", ""lr_decay"": 0.3865246864465488, ""lr_step_size"": 11, ""n_blocks"": 3, ""optimizer"": ""Adam""}",PRUNED
40,0.48333637433630183,2026-10-02 19:28:40.910812,2026-10-02 19:28:43.884647,0 days 00:00:02.973835,,,,,64,8,"(3, 5)",16.0,"(3, 5)",64.0,"(3, 5)",0.3033995077788553,26,3,SGD,0.007116797020837702,0.7944209316981342,1.0115422688821615e-06,,,,"{""batch_size"": 64, ""block_0_filters"": 8, ""block_0_kernel_pair"": ""(3, 5)"", ""lr_decay"": 0.3033995077788553, ""lr_step_size"": 26, ""n_blocks"": 3, ""optimizer"": ""SGD""}",PRUNED
41,0.6361104977075616,2026-10-02 19:28:43.942889,2026-10-02 19:28:46.070124,0 days 00:00:02.127235,0.8991827425191202,0.9626585633274254,0.005362798218070454,2.3427026294144164e-05,128,16,"(3, 5)",16.0,"(3, 7)",64.0,"(3, 5)",0.35928599200448375,25,3,Adam,,,,,,,"{""batch_size"": 128, ""block_0_filters"": 16, ""block_0_kernel_pair"": ""(3, 5)"", ""lr_decay"": 0.35928599200448375, ""lr_step_size"": 25, ""n_blocks"": 3, ""optimizer"": ""Adam""}",PRUNED
42,0.46456966271423156,2026-10-02 19:28:46.141371,2026-10-02 19:28:47.807598,0 days 00:00:01.666227,0.8832020350519332,0.972322394883349,0.002372964110624391,7.95372765352385e-06,128,64,"(3, 5)",16.0,"(3, 7)",,,0.41215254489668485,34,2,Adam,,,,,,,"{""batch_size"": 128, ""block_0_filters"": 64, ""block_0_kernel_pair"": ""(3, 5)"", ""lr_decay"": 0.41215254489668485, ""lr_step_size"": 34, ""n_blocks"": 2, ""optimizer"": ""Adam""}",PRUNED
43,0.6566038634814876,2026-10-02 19:28:47.869391,2026-10-02 19:28:49.901187,0 days 00:00:02.031796,0.8504333958131294,0.982204056141324,0.005844948291125996,0.0002172392806374876,128,64,"(5, 7)",16.0,"(3, 5)",64.0,"(3, 5)",0.48717777947080343,20,3,Adam,,,,,,,"{""batch_size"": 128, ""block_0_filters"": 64, ""block_0_kernel_pair"": ""(5, 7)"", ""lr_decay"": 0.48717777947080343, ""lr_step_size"": 20, ""n_blocks"": 3, ""optimizer"": ""Adam""}",PRUNED
44,0.6870112047726978,2026-10-02 19:28:49.974676,2026-10-02 19:28:54.076239,0 days 00:00:04.101563,0.8638760963943891,0.9640345174523502,0.0013998338143227733,0.0005013578546737392,64,8,"(3, 5)",16.0,"(3, 7)",64.0,"(3, 5)",0.27034675341880354,23,3,Adam,,,,,,,"{""batch_size"": 64, ""block_0_filters"": 8, ""block_0_kernel_pair"": ""(3, 5)"", ""lr_decay"": 0.27034675341880354, ""lr_step_size"": 23, ""n_blocks"": 3, ""optimizer"": ""Adam""}",PRUNED
45,0.6651652516412347,2026-10-02 19:28:54.136448,2026-10-02 19:28:57.768478,0 days 00:00:03.632030,0.8885655035198724,0.9738442086210649,0.003311021897411187,4.694795904183026e-05,64,64,"(3, 5)",8.0,"(3, 7)",64.0,"(5, 7)",0.38322033502515274,27,3,Adam,,,,,,,"{""batch_size"": 64, ""block_0_filters"": 64, ""block_0_kernel_pair"": ""(3, 5)"", ""lr_decay"": 0.38322033502515274, ""lr_step_size"": 27, ""n_blocks"": 3, ""optimizer"": ""Adam""}",PRUNED
46,0.4014142751814229,2026-10-02 19:28:57.827548,2026-10-02 19:29:01.604207,0 days 00:00:03.776659,0.9170166636249062,0.9546246612785352,0.00013619431759631946,1.656127491620304e-06,64,8,"(3, 5)",16.0,"(3, 5)",64.0,"(3, 5)",0.30381911500087255,18,3,Adam,,,,,,,"{""batch_size"": 64, ""block_0_filters"": 8, ""block_0_kernel_pair"": ""(3, 5)"", ""lr_decay"": 0.30381911500087255, ""lr_step_size"": 18, ""n_blocks"": 3, ""optimizer"": ""Adam""}",PRUNED
47,0.5079965459519707,2026-10-02 19:29:01.663204,2026-10-02 19:29:05.229975,0 days 00:00:03.566771,0.9015889166186029,0.9320099820395095,0.0069313527845098494,0.000982107183073667,64,8,"(3, 5)",64.0,"(3, 7)",32.0,"(3, 5)",0.3365816622039587,37,3,Adam,,,,,,,"{""batch_size"": 64, ""block_0_filters"": 8, ""block_0_kernel_pair"": ""(3, 5)"", ""lr_decay"": 0.3365816622039587, ""lr_step_size"": 37, ""n_blocks"": 3, ""optimizer"": ""Adam""}",PRUNED
48,0.4580197599890117,2026-10-02 19:29:05.298967,2026-10-02 19:29:07.298079,0 days 00:00:01.999112,0.8905852666030415,0.9005059107664625,0.0016440341576805001,0.0021068519409462153,128,64,"(5, 7)",16.0,"(3, 7)",8.0,"(3, 7)",0.32984260161194,18,3,Adam,,,,,,,"{""batch_size"": 128, ""block_0_filters"": 64, ""block_0_kernel_pair"": ""(5, 7)"", ""lr_decay"": 0.32984260161194, ""lr_step_size"": 18, ""n_blocks"": 3, ""optimizer"": ""Adam""}",PRUNED
49,0.40034913179336395,2026-10-02 19:29:07.360746,2026-10-02 19:29:09.212195,0 days 00:00:01.851449,0.9678348666875983,0.979740939729912,0.0002113333335312672,1.1224145821564889e-05,128,64,"(5, 7)",16.0,"(3, 5)",,,0.4229563643954325,23,2,Adam,,,,,,,"{""batch_size"": 128, ""block_0_filters"": 64, ""block_0_kernel_pair"": ""(5, 7)"", ""lr_decay"": 0.4229563643954325, ""lr_step_size"": 23, ""n_blocks"": 2, ""optimizer"": ""Adam""}",PRUNED
50,0.5113382670989364,2026-10-02 19:29:09.275730,2026-10-02 19:29:12.302254,0 days 00:00:03.026524,0.8773538363663516,0.9606952355337207,0.008529146595005928,0.00010784559889000965,64,8,"(3, 5)",32.0,"(3, 7)",,,0.4063198908204109,25,2,Adam,,,,,,,"{""batch_size"": 64, ""block_0_filters"": 8, ""block_0_kernel_pair"": ""(3, 5)"", ""lr_decay"": 0.4063198908204109, ""lr_step_size"": 25, ""n_blocks"": 2, ""optimizer"": ""Adam""}",PRUNED
51,0.5873155407044016,2026-10-02 19:29:12.366431,2026-10-02 19:29:16.283448,0 days 00:00:03.917017,0.8659227704360686,0.9686864467854435,0.004876417508840567,8.816039443347187e-06,64,64,"(3, 5)",16.0,"(3, 7)",64.0,"(3, 5)",0.43738269857149775,20,3,Adam,,,,,,,"{""batch_size"": 64, ""block_0_filters"": 64, ""block_0_kernel_pair"": ""(3, 5)"", ""lr_decay"": 0.43738269857149775, ""lr_step_size"": 20, ""n_blocks"": 3, ""optimizer"": ""Adam""}",PRUNED
52,0.9021409496946491,2026-10-02 19:29:16.343981,2026-10-02 19:29:33.642778,0 days 00:00:17.298797,0.8572653016846935,0.9679297599245286,0.0037214844088185525,1.6225612652646505e-05,64,32,"(3, 5)",16.0,"(3, 7)",64.0,"(3, 5)",0.4508816015548236,29,3,Adam,,,,39.0,0.9193548387096774,0.8849270606796208,"{""batch_size"": 64, ""block_0_filters"": 32, ""block_0_kernel_pair"": ""(3, 5)"", ""lr_decay"": 0.4508816015548236, ""lr_step_size"": 29, ""n_blocks"": 3, ""optimizer"": ""Adam""}",COMPLETE
53,0.667942660051807,2026-10-02 19:29:33.740686,2026-10-02 19:29:35.964373,0 days 00:00:02.223687,0.8682259963191736,0.9702344247117278,0.004857878003089217,4.028599035453656e-06,128,64,"(5, 7)",16.0,"(3, 7)",64.0,"(3, 5)",0.4467227667240081,13,3,Adam,,,,,,,"{""batch_size"": 128, ""block_0_filters"": 64, ""block_0_kernel_pair"": ""(5, 7)"", ""lr_decay"": 0.4467227667240081, ""lr_step_size"": 13, ""n_blocks"": 3, ""optimizer"": ""Adam""}",PRUNED
54,0.9097287704132716,2026-10-02 19:29:36.027750,2026-10-02 19:29:55.590422,0 days 00:00:19.562672,0.8736952839881601,0.9590408346656207,0.0027469905205285486,1.7913737747995015e-06,64,32,"(3, 5)",16.0,"(5, 7)",64.0,"(5, 7)",0.49739358256888666,30,3,Adam,,,,45.0,0.9233870967741935,0.8960704440523497,"{""batch_size"": 64, ""block_0_filters"": 32, ""block_0_kernel_pair"": ""(3, 5)"", ""lr_decay"": 0.49739358256888666, ""lr_step_size"": 30, ""n_blocks"": 3, ""optimizer"": ""Adam""}",COMPLETE
55,0.6225525025271981,2026-10-02 19:29:55.664945,2026-10-02 19:30:00.291010,0 days 00:00:04.626065,0.8782556159202107,0.9109679959349013,0.006237665325944434,2.571829703107632e-05,64,8,"(3, 5)",16.0,"(3, 7)",16.0,"(5, 7)",0.4462424344429716,17,3,Adam,,,,,,,"{""batch_size"": 64, ""block_0_filters"": 8, ""block_0_kernel_pair"": ""(3, 5)"", ""lr_decay"": 0.4462424344429716, ""lr_step_size"": 17, ""n_blocks"": 3, ""optimizer"": ""Adam""}",PRUNED
56,0.7561937554105541,2026-10-02 19:30:00.362083,2026-10-02 19:30:07.114136,0 days 00:00:06.752053,0.8878332174328947,0.9321904276761839,0.0021946053632731295,7.080631185284988e-06,64,16,"(3, 5)",16.0,"(3, 7)",64.0,"(3, 5)",0.4706364436741541,35,3,Adam,,,,,,,"{""batch_size"": 64, ""block_0_filters"": 16, ""block_0_kernel_pair"": ""(3, 5)"", ""lr_decay"": 0.4706364436741541, ""lr_step_size"": 35, ""n_blocks"": 3, ""optimizer"": ""Adam""}",PRUNED
57,0.7302109573930735,2026-10-02 19:30:07.176503,2026-10-02 19:30:12.133659,0 days 00:00:04.957156,0.8977772038730489,0.9525748776585814,0.009552840565515145,1.1338876864894844e-05,64,8,"(3, 5)",8.0,"(3, 7)",64.0,"(5, 7)",0.49616935148240654,40,3,Adam,,,,,,,"{""batch_size"": 64, ""block_0_filters"": 8, ""block_0_kernel_pair"": ""(3, 5)"", ""lr_decay"": 0.49616935148240654, ""lr_step_size"": 40, ""n_blocks"": 3, ""optimizer"": ""Adam""}",PRUNED
58,0.9081940774168027,2026-10-02 19:30:12.202565,2026-10-02 19:30:34.369583,0 days 00:00:22.167018,0.8576370158624453,0.97296989093167,0.0035129672640646617,4.1724828464889866e-05,64,8,"(3, 7)",16.0,"(5, 7)",64.0,"(3, 5)",0.42421180191816293,28,3,Adam,,,,49.0,0.9225806451612903,0.8938075096723149,"{""batch_size"": 64, ""block_0_filters"": 8, ""block_0_kernel_pair"": ""(3, 7)"", ""lr_decay"": 0.42421180191816293, ""lr_step_size"": 28, ""n_blocks"": 3, ""optimizer"": ""Adam""}",COMPLETE
59,0.6606685673736883,2026-10-02 19:30:34.461828,2026-10-02 19:30:38.941381,0 days 00:00:04.479553,0.8693543438943757,0.978977835169299,0.004485608421615434,3.4070909437081257e-06,64,64,"(3, 7)",32.0,"(3, 7)",16.0,"(3, 5)",0.44306506616227603,39,3,Adam,,,,,,,"{""batch_size"": 64, ""block_0_filters"": 64, ""block_0_kernel_pair"": ""(3, 7)"", ""lr_decay"": 0.44306506616227603, ""lr_step_size"": 39, ""n_blocks"": 3, ""optimizer"": ""Adam""}",PRUNED
60,0.914734111407174,2026-10-02 19:30:38.999762,2026-10-02 19:30:57.032627,0 days 00:00:18.032865,0.8530920717283693,0.986061545758045,0.0028255535615957436,1.0137160218142135e-06,64,64,"(3, 5)",16.0,"(3, 7)",64.0,"(5, 7)",0.38418743801937566,33,3,Adam,,,,49.0,0.9266129032258065,0.9028553195885415,"{""batch_size"": 64, ""block_0_filters"": 64, ""block_0_kernel_pair"": ""(3, 5)"", ""lr_decay"": 0.38418743801937566, ""lr_step_size"": 33, ""n_blocks"": 3, ""optimizer"": ""Adam""}",COMPLETE
61,0.9153247764999506,2026-10-02 19:30:57.105431,2026-10-02 19:31:14.573838,0 days 00:00:17.468407,0.8500561212053427,0.9880636282864876,0.0029876014051976396,1.5361796328524957e-06,64,64,"(3, 5)",16.0,"(3, 7)",64.0,"(5, 7)",0.4103765740949984,40,3,Adam,,,,49.0,0.9274193548387096,0.9032301981611914,"{""batch_size"": 64, ""block_0_filters"": 64, ""block_0_kernel_pair"": ""(3, 5)"", ""lr_decay"": 0.4103765740949984, ""lr_step_size"": 40, ""n_blocks"": 3, ""optimizer"": ""Adam""}",COMPLETE
62,0.7787430229360912,2026-10-02 19:31:14.647400,2026-10-02 19:31:17.168793,0 days 00:00:02.521393,0.8572591595866186,0.99044574349284,0.003107325241209008,1.544596333352833e-06,200,8,"(3, 5)",16.0,"(3, 7)",64.0,"(5, 7)",0.4735388196852413,26,3,Adam,,,,,,,"{""batch_size"": 200, ""block_0_filters"": 8, ""block_0_kernel_pair"": ""(3, 5)"", ""lr_decay"": 0.4735388196852413, ""lr_step_size"": 26, ""n_blocks"": 3, ""optimizer"": ""Adam""}",PRUNED
63,0.9213310330053863,2026-10-02 19:31:17.227539,2026-10-02 19:31:34.231765,0 days 00:00:17.004226,0.8615207670992238,0.9247778891142922,0.004021620436459592,4.655590267577147e-06,64,8,"(3, 5)",16.0,"(3, 7)",64.0,"(5, 7)",0.3484808484244408,30,3,Adam,,,,37.0,0.932258064516129,0.9104040014946436,"{""batch_size"": 64, ""block_0_filters"": 8, ""block_0_kernel_pair"": ""(3, 5)"", ""lr_decay"": 0.3484808484244408, ""lr_step_size"": 30, ""n_blocks"": 3, ""optimizer"": ""Adam""}",COMPLETE
64,0.8057570957191943,2026-10-02 19:31:34.305707,2026-10-02 19:31:38.737024,0 days 00:00:04.431317,0.8503111546422072,0.9217010997495501,0.0019543698720470683,5.103864178104576e-06,200,64,"(3, 5)",16.0,"(3, 7)",64.0,"(5, 7)",0.37842002692226273,40,3,Adam,,,,,,,"{""batch_size"": 200, ""block_0_filters"": 64, ""block_0_kernel_pair"": ""(3, 5)"", ""lr_decay"": 0.37842002692226273, ""lr_step_size"": 40, ""n_blocks"": 3, ""optimizer"": ""Adam""}",PRUNED
65,0.6900654696226807,2026-10-02 19:31:38.813108,2026-10-02 19:31:42.837766,0 days 00:00:04.024658,0.878358224332998,0.9250841556304413,0.0023499442573953226,1.9574300136466796e-06,64,64,"(3, 5)",16.0,"(3, 7)",32.0,"(5, 7)",0.3478570595620432,33,3,Adam,,,,,,,"{""batch_size"": 64, ""block_0_filters"": 64, ""block_0_kernel_pair"": ""(3, 5)"", ""lr_decay"": 0.3478570595620432, ""lr_step_size"": 33, ""n_blocks"": 3, ""optimizer"": ""Adam""}",PRUNED
66,0.9281541147518106,2026-10-02 19:31:42.904896,2026-10-02 19:32:01.938621,0 days 00:00:19.033725,0.8629389624400161,0.9061234381124942,0.004060267690122133,2.749252148606957e-06,64,64,"(3, 7)",16.0,"(3, 7)",64.0,"(5, 7)",0.4926982366601263,34,3,Adam,,,,40.0,0.9387096774193548,0.9175985520842664,"{""batch_size"": 64, ""block_0_filters"": 64, ""block_0_kernel_pair"": ""(3, 7)"", ""lr_decay"": 0.4926982366601263, ""lr_step_size"": 34, ""n_blocks"": 3, ""optimizer"": ""Adam""}",COMPLETE
67,0.590105105993195,2026-10-02 19:32:01.997637,2026-10-02 19:32:05.559513,0 days 00:00:03.561876,0.8620367356068454,0.9051614512978934,0.007966554954664109,2.737609521516135e-06,64,8,"(5, 7)",64.0,"(3, 7)",8.0,"(5, 7)",0.35906565404788976,29,3,Adam,,,,,,,"{""batch_size"": 64, ""block_0_filters"": 8, ""block_0_kernel_pair"": ""(5, 7)"", ""lr_decay"": 0.35906565404788976, ""lr_step_size"": 29, ""n_blocks"": 3, ""optimizer"": ""Adam""}",PRUNED
68,0.9021222839689745,2026-10-02 19:32:05.617821,2026-10-02 19:32:23.417152,0 days 00:00:17.799331,0.8668644159653282,0.9169630304130546,0.005561219855317705,5.211579861807705e-06,64,8,"(3, 5)",16.0,"(3, 5)",64.0,"(5, 7)",0.32938277331189436,28,3,Adam,,,,39.0,0.9217741935483871,0.882470374389562,"{""batch_size"": 64, ""block_0_filters"": 8, ""block_0_kernel_pair"": ""(3, 5)"", ""lr_decay"": 0.32938277331189436, ""lr_step_size"": 28, ""n_blocks"": 3, ""optimizer"": ""Adam""}",COMPLETE
69,0.5945983370133521,2026-10-02 19:32:23.493252,2026-10-02 19:32:26.719879,0 days 00:00:03.226627,0.9122859333261418,0.9081719086150787,0.0040031448753405875,3.7392546417083593e-06,64,64,"(3, 7)",16.0,"(5, 7)",16.0,"(3, 7)",0.4927558210947617,28,3,Adam,,,,,,,"{""batch_size"": 64, ""block_0_filters"": 64, ""block_0_kernel_pair"": ""(3, 7)"", ""lr_decay"": 0.4927558210947617, ""lr_step_size"": 28, ""n_blocks"": 3, ""optimizer"": ""Adam""}",PRUNED
70,0.9269973557550963,2026-10-02 19:32:26.779124,2026-10-02 19:32:43.679842,0 days 00:00:16.900718,0.8604616290512873,0.9365670070475295,0.00255879167720024,3.408440562878673e-05,64,8,"(3, 5)",32.0,"(3, 7)",64.0,"(5, 7)",0.27147060573917287,32,3,Adam,,,,37.0,0.9419354838709677,0.9120592276392251,"{""batch_size"": 64, ""block_0_filters"": 8, ""block_0_kernel_pair"": ""(3, 5)"", ""lr_decay"": 0.27147060573917287, ""lr_step_size"": 32, ""n_blocks"": 3, ""optimizer"": ""Adam""}",COMPLETE
71,0.9193512524783221,2026-10-02 19:32:43.737806,2026-10-02 19:33:01.171224,0 days 00:00:17.433418,0.872893561655064,0.9367818131891268,0.003974978062555253,2.8856717254130173e-05,64,8,"(3, 5)",32.0,"(3, 7)",64.0,"(5, 7)",0.255438340532295,33,3,Adam,,,,48.0,0.9330645161290323,0.9056379888276119,"{""batch_size"": 64, ""block_0_filters"": 8, ""block_0_kernel_pair"": ""(3, 5)"", ""lr_decay"": 0.255438340532295, ""lr_step_size"": 33, ""n_blocks"": 3, ""optimizer"": ""Adam""}",COMPLETE
72,0.8478265010108443,2026-10-02 19:33:01.244207,2026-10-02 19:33:11.514672,0 days 00:00:10.270465,0.873034133880363,0.9368448088419102,0.002501377718606629,9.092204189474483e-05,64,8,"(3, 5)",32.0,"(3, 7)",64.0,"(5, 7)",0.4190196521099885,30,3,Adam,,,,,,,"{""batch_size"": 64, ""block_0_filters"": 8, ""block_0_kernel_pair"": ""(3, 5)"", ""lr_decay"": 0.4190196521099885, ""lr_step_size"": 30, ""n_blocks"": 3, ""optimizer"": ""Adam""}",PRUNED
73,0.4736482224801358,2026-10-02 19:33:11.586422,2026-10-02 19:33:15.137842,0 days 00:00:03.551420,0.8596094381723556,0.928911712092127,0.0001004425122079089,3.257088603375877e-05,64,8,"(3, 5)",32.0,"(3, 7)",64.0,"(5, 7)",0.23254150394401552,36,3,Adam,,,,,,,"{""batch_size"": 64, ""block_0_filters"": 8, ""block_0_kernel_pair"": ""(3, 5)"", ""lr_decay"": 0.23254150394401552, ""lr_step_size"": 36, ""n_blocks"": 3, ""optimizer"": ""Adam""}",PRUNED
74,0.8631939146761671,2026-10-02 19:33:15.196462,2026-10-02 19:33:26.607744,0 days 00:00:11.411282,0.8813899309377139,0.9410623320889262,0.0038820741240057533,5.861212671195955e-05,64,8,"(3, 5)",32.0,"(3, 7)",64.0,"(5, 7)",0.2581612697266489,31,3,Adam,,,,,,,"{""batch_size"": 64, ""block_0_filters"": 8, ""block_0_kernel_pair"": ""(3, 5)"", ""lr_decay"": 0.2581612697266489, ""lr_step_size"": 31, ""n_blocks"": 3, ""optimizer"": ""Adam""}",PRUNED
75,0.9293362472334434,2026-10-02 19:33:26.668950,2026-10-02 19:33:44.765609,0 days 00:00:18.096659,0.8550806551567868,0.9464128427940638,0.0033858300777868597,1.9178159432510676e-05,64,8,"(3, 5)",32.0,"(3, 7)",64.0,"(5, 7)",0.1884602980579772,30,3,Adam,,,,44.0,0.9419354838709677,0.9167370105959192,"{""batch_size"": 64, ""block_0_filters"": 8, ""block_0_kernel_pair"": ""(3, 5)"", ""lr_decay"": 0.1884602980579772, ""lr_step_size"": 30, ""n_blocks"": 3, ""optimizer"": ""Adam""}",COMPLETE
76,0.9118850352881005,2026-10-02 19:33:44.859329,2026-10-02 19:34:02.055445,0 days 00:00:17.196116,0.8878237477213011,0.9461928513529402,0.0035045265607626212,1.4333840279328843e-05,64,8,"(3, 5)",32.0,"(3, 7)",64.0,"(5, 7)",0.14403903217830127,33,3,Adam,,,,36.0,0.925,0.8987700705762008,"{""batch_size"": 64, ""block_0_filters"": 8, ""block_0_kernel_pair"": ""(3, 5)"", ""lr_decay"": 0.14403903217830127, ""lr_step_size"": 33, ""n_blocks"": 3, ""optimizer"": ""Adam""}",COMPLETE
77,0.9316152082744962,2026-10-02 19:34:02.129586,2026-10-02 19:34:20.312199,0 days 00:00:18.182613,0.9029848472851477,0.9363119651527673,0.004326447696623941,1.939434456195853e-05,64,64,"(3, 7)",32.0,"(3, 7)",64.0,"(5, 7)",0.44856291725044384,32,3,Adam,,,,33.0,0.9362903225806452,0.9269400939683471,"{""batch_size"": 64, ""block_0_filters"": 64, ""block_0_kernel_pair"": ""(3, 7)"", ""lr_decay"": 0.44856291725044384, ""lr_step_size"": 32, ""n_blocks"": 3, ""optimizer"": ""Adam""}",COMPLETE
78,0.7029970407380316,2026-10-02 19:34:20.386376,2026-10-02 19:34:24.734889,0 days 00:00:04.348513,0.8703990978661823,0.9352106355235612,0.006052254349869754,1.8449073599803182e-05,64,64,"(3, 7)",32.0,"(3, 7)",64.0,"(5, 7)",0.4845691061003637,34,3,Adam,,,,,,,"{""batch_size"": 64, ""block_0_filters"": 64, ""block_0_kernel_pair"": ""(3, 7)"", ""lr_decay"": 0.4845691061003637, ""lr_step_size"": 34, ""n_blocks"": 3, ""optimizer"": ""Adam""}",PRUNED
79,0.9280953230260602,2026-10-02 19:34:24.800386,2026-10-02 19:34:42.516052,0 days 00:00:17.715666,0.9019526352303604,0.9278296415805194,0.005386395497802465,2.0157645906665223e-05,64,64,"(3, 7)",32.0,"(3, 7)",64.0,"(5, 7)",0.395779925482257,36,3,Adam,,,,40.0,0.9379032258064516,0.918287420245669,"{""batch_size"": 64, ""block_0_filters"": 64, ""block_0_kernel_pair"": ""(3, 7)"", ""lr_decay"": 0.395779925482257, ""lr_step_size"": 36, ""n_blocks"": 3, ""optimizer"": ""Adam""}",COMPLETE
80,0.6305170847096281,2026-10-02 19:34:42.589662,2026-10-02 19:34:46.264526,0 days 00:00:03.674864,0.906522202821604,0.9198002810170376,0.007832668312044084,2.1623495351066954e-05,64,64,"(3, 7)",32.0,"(3, 7)",64.0,"(5, 7)",0.3616854217842763,40,3,Adam,,,,,,,"{""batch_size"": 64, ""block_0_filters"": 64, ""block_0_kernel_pair"": ""(3, 7)"", ""lr_decay"": 0.3616854217842763, ""lr_step_size"": 40, ""n_blocks"": 3, ""optimizer"": ""Adam""}",PRUNED
81,0.8355928775740881,2026-10-02 19:34:46.332629,2026-10-02 19:34:54.717745,0 days 00:00:08.385116,0.9002675014421173,0.9280134212251442,0.005618331533419334,3.105400652111548e-05,64,8,"(3, 5)",32.0,"(3, 7)",64.0,"(5, 7)",0.2259565854695251,29,3,Adam,,,,,,,"{""batch_size"": 64, ""block_0_filters"": 8, ""block_0_kernel_pair"": ""(3, 5)"", ""lr_decay"": 0.2259565854695251, ""lr_step_size"": 29, ""n_blocks"": 3, ""optimizer"": ""Adam""}",PRUNED
82,0.9259695890176665,2026-10-02 19:34:54.777023,2026-10-02 19:35:12.327092,0 days 00:00:17.550069,0.8921985020627695,0.9430301074749748,0.0041189759617608806,4.169547023569544e-05,64,64,"(3, 7)",32.0,"(3, 7)",64.0,"(5, 7)",0.4605318822006526,32,3,Adam,,,,35.0,0.9346774193548387,0.9172617586804942,"{""batch_size"": 64, ""block_0_filters"": 64, ""block_0_kernel_pair"": ""(3, 7)"", ""lr_decay"": 0.4605318822006526, ""lr_step_size"": 32, ""n_blocks"": 3, ""optimizer"": ""Adam""}",COMPLETE
83,0.6762199178505496,2026-10-02 19:35:12.390313,2026-10-02 19:35:16.371869,0 days 00:00:03.981556,0.9243463245842938,0.9423974902062384,0.00515270329808314,4.9976482227013784e-05,64,64,"(3, 7)",32.0,"(3, 7)",64.0,"(5, 7)",0.40592002544343875,32,3,Adam,,,,,,,"{""batch_size"": 64, ""block_0_filters"": 64, ""block_0_kernel_pair"": ""(3, 7)"", ""lr_decay"": 0.40592002544343875, ""lr_step_size"": 32, ""n_blocks"": 3, ""optimizer"": ""Adam""}",PRUNED
84,0.6822351683610188,2026-10-02 19:35:16.435787,2026-10-02 19:35:18.031687,0 days 00:00:01.595900,0.8934756342336473,0.9460514949907789,0.004311902337672095,1.3410383620779129e-05,200,64,"(3, 7)",32.0,"(3, 7)",64.0,"(5, 7)",0.45678220798793784,31,3,Adam,,,,,,,"{""batch_size"": 200, ""block_0_filters"": 64, ""block_0_kernel_pair"": ""(3, 7)"", ""lr_decay"": 0.45678220798793784, ""lr_step_size"": 31, ""n_blocks"": 3, ""optimizer"": ""Adam""}",PRUNED
85,0.6286067282613108,2026-10-02 19:35:18.096607,2026-10-02 19:35:21.589577,0 days 00:00:03.492970,0.9013210437498588,0.928823233695773,0.0006240088968557053,2.0375060145069156e-05,64,8,"(3, 5)",32.0,"(3, 7)",32.0,"(3, 7)",0.16931427190321843,27,3,Adam,,,,,,,"{""batch_size"": 64, ""block_0_filters"": 8, ""block_0_kernel_pair"": ""(3, 5)"", ""lr_decay"": 0.16931427190321843, ""lr_step_size"": 27, ""n_blocks"": 3, ""optimizer"": ""Adam""}",PRUNED
86,0.663757249532556,2026-10-02 19:35:21.650529,2026-10-02 19:35:25.239946,0 days 00:00:03.589417,0.9035814746591887,0.9397176951391853,0.002567204667273732,7.376978760715326e-06,64,64,"(3, 7)",32.0,"(3, 7)",8.0,"(5, 7)",0.4962500405299692,38,3,Adam,,,,,,,"{""batch_size"": 64, ""block_0_filters"": 64, ""block_0_kernel_pair"": ""(3, 7)"", ""lr_decay"": 0.4962500405299692, ""lr_step_size"": 38, ""n_blocks"": 3, ""optimizer"": ""Adam""}",PRUNED
87,0.8745160696176308,2026-10-02 19:35:25.335707,2026-10-02 19:35:31.566599,0 days 00:00:06.230892,0.8938090380569634,0.9511690275498804,0.004642107999678593,3.635528736009529e-05,128,64,"(3, 7)",32.0,"(3, 7)",64.0,"(5, 7)",0.4362570292969091,34,3,Adam,,,,,,,"{""batch_size"": 128, ""block_0_filters"": 64, ""block_0_kernel_pair"": ""(3, 7)"", ""lr_decay"": 0.4362570292969091, ""lr_step_size"": 34, ""n_blocks"": 3, ""optimizer"": ""Adam""}",PRUNED
88,0.7477202595690828,2026-10-02 19:35:31.630271,2026-10-02 19:35:36.155243,0 days 00:00:04.524972,0.9112723326708493,0.9340114659086196,0.007115902489751806,9.91721377554178e-06,64,64,"(3, 7)",32.0,"(3, 7)",64.0,"(3, 7)",0.37341335116037866,35,3,Adam,,,,,,,"{""batch_size"": 64, ""block_0_filters"": 64, ""block_0_kernel_pair"": ""(3, 7)"", ""lr_decay"": 0.37341335116037866, ""lr_step_size"": 35, ""n_blocks"": 3, ""optimizer"": ""Adam""}",PRUNED
89,0.8680753802475902,2026-10-02 19:35:36.218425,2026-10-02 19:35:46.157996,0 days 00:00:09.939571,0.8859161908637367,0.9242547912024803,0.0031227426599277812,0.00016875384320171798,64,32,"(3, 7)",32.0,"(3, 7)",64.0,"(5, 7)",0.40969140821701033,35,3,Adam,,,,,,,"{""batch_size"": 64, ""block_0_filters"": 32, ""block_0_kernel_pair"": ""(3, 7)"", ""lr_decay"": 0.40969140821701033, ""lr_step_size"": 35, ""n_blocks"": 3, ""optimizer"": ""Adam""}",PRUNED
90,0.7470420206670758,2026-10-02 19:35:46.225385,2026-10-02 19:35:48.874286,0 days 00:00:02.648901,0.8903196663717382,0.9441289618858698,0.004275121644660302,6.432310373399955e-06,128,64,"(5, 7)",32.0,"(3, 7)",64.0,"(5, 7)",0.40738485789673085,37,3,Adam,,,,,,,"{""batch_size"": 128, ""block_0_filters"": 64, ""block_0_kernel_pair"": ""(5, 7)"", ""lr_decay"": 0.40738485789673085, ""lr_step_size"": 37, ""n_blocks"": 3, ""optimizer"": ""Adam""}",PRUNED
91,0.9251629020636956,2026-10-02 19:35:48.938002,2026-10-02 19:36:06.809234,0 days 00:00:17.871232,0.8547749944616642,0.9394678004571118,0.0039292068118378055,2.496229969249747e-05,64,64,"(3, 7)",32.0,"(3, 7)",64.0,"(5, 7)",0.4642619258123739,33,3,Adam,,,,42.0,0.9306451612903226,0.9196806428370684,"{""batch_size"": 64, ""block_0_filters"": 64, ""block_0_kernel_pair"": ""(3, 7)"", ""lr_decay"": 0.4642619258123739, ""lr_step_size"": 33, ""n_blocks"": 3, ""optimizer"": ""Adam""}",COMPLETE
92,0.9218565016517946,2026-10-02 19:36:06.874507,2026-10-02 19:36:26.228159,0 days 00:00:19.353652,0.8539386989924693,0.9150192313046097,0.0036572137398025307,4.414183444440985e-05,64,64,"(3, 7)",32.0,"(3, 7)",64.0,"(5, 7)",0.4639806967959807,33,3,Adam,,,,46.0,0.9330645161290323,0.9106484871745568,"{""batch_size"": 64, ""block_0_filters"": 64, ""block_0_kernel_pair"": ""(3, 7)"", ""lr_decay"": 0.4639806967959807, ""lr_step_size"": 33, ""n_blocks"": 3, ""optimizer"": ""Adam""}",COMPLETE
93,0.9169664467885339,2026-10-02 19:36:26.304833,2026-10-02 19:36:44.424472,0 days 00:00:18.119639,0.854524098100443,0.9049604188115915,0.0051727162596486576,4.33092481370184e-05,64,16,"(3, 7)",32.0,"(3, 7)",64.0,"(5, 7)",0.4415491217216617,32,3,Adam,,,,50.0,0.9314516129032258,0.9024812806738421,"{""batch_size"": 64, ""block_0_filters"": 16, ""block_0_kernel_pair"": ""(3, 7)"", ""lr_decay"": 0.4415491217216617, ""lr_step_size"": 32, ""n_blocks"": 3, ""optimizer"": ""Adam""}",COMPLETE
94,0.9276824040460492,2026-10-02 19:36:44.512487,2026-10-02 19:37:02.863865,0 days 00:00:18.351378,0.8547543340743665,0.9387153030287829,0.003527127154694419,5.4513133685381346e-05,64,64,"(3, 7)",32.0,"(3, 7)",64.0,"(5, 7)",0.47481123327547503,32,3,Adam,,,,42.0,0.9403225806451613,0.9150422274469371,"{""batch_size"": 64, ""block_0_filters"": 64, ""block_0_kernel_pair"": ""(3, 7)"", ""lr_decay"": 0.47481123327547503, ""lr_step_size"": 32, ""n_blocks"": 3, ""optimizer"": ""Adam""}",COMPLETE
95,0.9136875661889335,2026-10-02 19:37:02.938330,2026-10-02 19:37:20.505117,0 days 00:00:17.566787,0.8652819565402915,0.9305512742220438,0.0018182127138445443,7.890535585456811e-05,64,8,"(3, 7)",32.0,"(3, 7)",64.0,"(3, 7)",0.48494047703274956,32,3,Adam,,,,42.0,0.9298387096774193,0.8975364227004478,"{""batch_size"": 64, ""block_0_filters"": 8, ""block_0_kernel_pair"": ""(3, 7)"", ""lr_decay"": 0.48494047703274956, ""lr_step_size"": 32, ""n_blocks"": 3, ""optimizer"": ""Adam""}",COMPLETE
96,0.6995905325497309,2026-10-02 19:37:20.564103,2026-10-02 19:37:24.279875,0 days 00:00:03.715772,0.8584498996937747,0.941132931144801,0.002723174734448405,2.523887156280914e-05,64,8,"(3, 5)",32.0,"(5, 7)",16.0,"(5, 7)",0.08966597557863537,31,3,Adam,,,,,,,"{""batch_size"": 64, ""block_0_filters"": 8, ""block_0_kernel_pair"": ""(3, 5)"", ""lr_decay"": 0.08966597557863537, ""lr_step_size"": 31, ""n_blocks"": 3, ""optimizer"": ""Adam""}",PRUNED
97,0.9209983480429005,2026-10-02 19:37:24.352131,2026-10-02 19:37:41.148478,0 days 00:00:16.796347,0.9048935278811753,0.9391847483668233,0.0032822035031329767,1.5597420853907293e-05,64,8,"(3, 5)",32.0,"(3, 7)",64.0,"(5, 7)",0.1926796302243998,31,3,Adam,,,,49.0,0.932258064516129,0.9097386315696718,"{""batch_size"": 64, ""block_0_filters"": 8, ""block_0_kernel_pair"": ""(3, 5)"", ""lr_decay"": 0.1926796302243998, ""lr_step_size"": 31, ""n_blocks"": 3, ""optimizer"": ""Adam""}",COMPLETE
98,0.325457355436655,2026-10-02 19:37:41.207627,2026-10-02 19:37:44.376899,0 days 00:00:03.169272,0.9660467715168075,0.9491575655956326,0.006009607100164892,0.008175711304653319,64,16,"(3, 5)",32.0,"(3, 7)",64.0,"(5, 7)",0.3970379981800071,36,3,Adam,,,,,,,"{""batch_size"": 64, ""block_0_filters"": 16, ""block_0_kernel_pair"": ""(3, 5)"", ""lr_decay"": 0.3970379981800071, ""lr_step_size"": 36, ""n_blocks"": 3, ""optimizer"": ""Adam""}",PRUNED
99,0.7162487694195723,2026-10-02 19:37:44.440177,2026-10-02 19:37:47.998920,0 days 00:00:03.558743,0.8960920330856579,0.9439975217416403,0.006513029926711973,0.0001256806907327217,64,8,"(3, 5)",8.0,"(3, 7)",64.0,"(5, 7)",0.1236783512441445,36,3,Adam,,,,,,,"{""batch_size"": 64, ""block_0_filters"": 8, ""block_0_kernel_pair"": ""(3, 5)"", ""lr_decay"": 0.1236783512441445, ""lr_step_size"": 36, ""n_blocks"": 3, ""optimizer"": ""Adam""}",PRUNED
